id,name,price,responsible_user_id,group_id,status_id,pipeline_id,loss_reason_id,created_by,updated_by,created_at,updated_at,closed_at,closest_task_at,is_deleted,custom_fields_values,score,account_id,labor_cost,_links,_embedded
25943759,Игровой пк RTX 4060 / i5-12400 / 16GB,0,9082218,540402,143,6298614,17475446,0,9082218,1727529454,1727766862,1727766862,,False,"[{'field_id': 1955769, 'field_name': 'Объявление', 'field_code': None, 'field_type': 'text', 'values': [{'value': 'Игровой пк RTX 4060 / i5-12400 / 16GB'}]}, {'field_id': 1955771, 'field_name': 'URL объявления', 'field_code': None, 'field_type': 'url', 'values': [{'value': 'https://avito.ru/novosibirsk/nastolnye_kompyutery/igrovoy_pk_rtx_4060_i5-12400_16gb_3689125080'}]}, {'field_id': 1955757, 'field_name': 'Первичный контакт', 'field_code': None, 'field_type': 'select', 'values': [{'value': 'Кирилл', 'enum_id': 1276723, 'enum_code': None}]}]",,30769562,,{'self': {'href': 'https://somecomp.service.ru/api/v4/leads/25943759?page=2&limit=250&with=catalog_elements'}},"{'tags': [], 'catalog_elements': [], 'companies': []}"
26039635,Игровой пк RTX 4070 / i5-14400F / 32GB DDR5,0,9082218,540402,143,6298614,13728902,0,9082218,1728138629,1728138862,1728138862,,False,"[{'field_id': 1955769, 'field_name': 'Объявление', 'field_code': None, 'field_type': 'text', 'values': [{'value': 'Игровой пк RTX 4070 / i5-14400F / 32GB DDR5'}]}, {'field_id': 1955771, 'field_name': 'URL объявления', 'field_code': None, 'field_type': 'url', 'values': [{'value': 'https://avito.ru/novosibirsk/nastolnye_kompyutery/igrovoy_pk_rtx_4070_i5-14400f_32gb_ddr5_3752869356'}]}]",,30769562,,{'self': {'href': 'https://somecomp.service.ru/api/v4/leads/26039635?page=2&limit=250&with=catalog_elements'}},"{'tags': [], 'catalog_elements': [], 'companies': []}"
26075379,Игровой пк i5-14400F / RTX 4060 Ti / 32GB,0,9082218,540402,143,6298614,13728902,0,0,1728454467,1728457298,1728455772,,False,"[{'field_id': 1955769, 'field_name': 'Объявление', 'field_code': None, 'field_type': 'text', 'values': [{'value': 'Игровой пк i5-14400F / RTX 4060 Ti / 32GB'}]}, {'field_id': 1955771, 'field_name': 'URL объявления', 'field_code': None, 'field_type': 'url', 'values': [{'value': 'https://avito.ru/novosibirsk/nastolnye_kompyutery/igrovoy_pk_i5-14400f_rtx_4060_ti_32gb_3688989449'}]}]",,30769562,,{'self': {'href': 'https://somecomp.service.ru/api/v4/leads/26075379?page=2&limit=250&with=catalog_elements'}},"{'tags': [], 'catalog_elements': [], 'companies': []}"
26029305,Игровой пк RTX 4070 / Ryzen 5 7500F / 32GB,0,9082218,540402,143,6298614,13728902,0,9082218,1728048211,1728475527,1728475527,,False,"[{'field_id': 1955769, 'field_name': 'Объявление', 'field_code': None, 'field_type': 'text', 'values': [{'value': 'Игровой пк RTX 4070 / Ryzen 5 7500F / 32GB'}]}, {'field_id': 1955771, 'field_name': 'URL объявления', 'field_code': None, 'field_type': 'url', 'values': [{'value': 'https://avito.ru/novosibirsk/nastolnye_kompyutery/igrovoy_pk_rtx_4070_ryzen_5_7500f_32gb_3689121373'}]}]",,30769562,,{'self': {'href': 'https://somecomp.service.ru/api/v4/leads/26029305?page=2&limit=250&with=catalog_elements'}},"{'tags': [], 'catalog_elements': [], 'companies': []}"
26137395,https://somecomp.ru/#form,0,9082218,540402,143,6298614,13728902,0,9082218,1728843764,1729080099,1729059287,,False,,,30769562,,{'self': {'href': 'https://somecomp.service.ru/api/v4/leads/26137395?page=2&limit=250&with=catalog_elements'}},"{'tags': [{'id': 53399, 'name': 'tilda', 'color': 'FF8F92'}], 'catalog_elements': [], 'companies': []}"
26137597,https://somecomp.ru/#form,0,9082218,540402,143,6298614,13728902,0,9082218,1728845749,1729080099,1729059287,,False,,,30769562,,{'self': {'href': 'https://somecomp.service.ru/api/v4/leads/26137597?page=2&limit=250&with=catalog_elements'}},"{'tags': [{'id': 53399, 'name': 'tilda', 'color': 'FF8F92'}], 'catalog_elements': [], 'companies': []}"
26137953,https://somecomp.ru/#form,0,9082218,540402,143,6298614,13728902,0,9082218,1728849988,1729080099,1729059288,,False,,,30769562,,{'self': {'href': 'https://somecomp.service.ru/api/v4/leads/26137953?page=2&limit=250&with=catalog_elements'}},"{'tags': [{'id': 53399, 'name': 'tilda', 'color': 'FF8F92'}], 'catalog_elements': [], 'companies': []}"
26137989,https://somecomp.ru/,0,9082218,540402,143,6298614,13728902,0,9082218,1728850526,1729080099,1729059288,,False,,,30769562,,{'self': {'href': 'https://somecomp.service.ru/api/v4/leads/26137989?page=2&limit=250&with=catalog_elements'}},"{'tags': [{'id': 53399, 'name': 'tilda', 'color': 'FF8F92'}], 'catalog_elements': [], 'companies': []}"
26139509,https://somecomp.ru/#form,0,9082218,540402,143,6298614,13728902,0,9082218,1728881207,1729080099,1729059289,,False,,,30769562,,{'self': {'href': 'https://somecomp.service.ru/api/v4/leads/26139509?page=2&limit=250&with=catalog_elements'}},"{'tags': [{'id': 53399, 'name': 'tilda', 'color': 'FF8F92'}], 'catalog_elements': [], 'companies': []}"
26140181,https://somecomp.ru/#form,0,9082218,540402,143,6298614,13728902,0,9082218,1728883633,1729080099,1729059289,,False,,,30769562,,{'self': {'href': 'https://somecomp.service.ru/api/v4/leads/26140181?page=2&limit=250&with=catalog_elements'}},"{'tags': [{'id': 53399, 'name': 'tilda', 'color': 'FF8F92'}], 'catalog_elements': [], 'companies': []}"
26140597,https://somecomp.ru/#form,0,9082218,540402,143,6298614,13728902,0,9082218,1728886145,1729080099,1729059289,,False,,,30769562,,{'self': {'href': 'https://somecomp.service.ru/api/v4/leads/26140597?page=2&limit=250&with=catalog_elements'}},"{'tags': [{'id': 53399, 'name': 'tilda', 'color': 'FF8F92'}], 'catalog_elements': [], 'companies': []}"
26140979,https://somecomp.ru/#form,0,9082218,540402,143,6298614,13728902,0,9082218,1728888018,1729080099,1729059289,,False,,,30769562,,{'self': {'href': 'https://somecomp.service.ru/api/v4/leads/26140979?page=2&limit=250&with=catalog_elements'}},"{'tags': [{'id': 53399, 'name': 'tilda', 'color': 'FF8F92'}], 'catalog_elements': [], 'companies': []}"
26141857,https://somecomp.ru/,0,9082218,540402,143,6298614,13728902,0,9082218,1728891340,1729080099,1729059289,,False,,,30769562,,{'self': {'href': 'https://somecomp.service.ru/api/v4/leads/26141857?page=2&limit=250&with=catalog_elements'}},"{'tags': [{'id': 53399, 'name': 'tilda', 'color': 'FF8F92'}], 'catalog_elements': [], 'companies': []}"
26142129,https://somecomp.ru/#form,0,9082218,540402,143,6298614,13728902,0,9082218,1728892150,1729080099,1729059284,,False,,,30769562,,{'self': {'href': 'https://somecomp.service.ru/api/v4/leads/26142129?page=2&limit=250&with=catalog_elements'}},"{'tags': [{'id': 53399, 'name': 'tilda', 'color': 'FF8F92'}], 'catalog_elements': [], 'companies': []}"
26142961,https://somecomp.ru/#form,0,9082218,540402,143,6298614,13728902,0,9082218,1728895172,1729080100,1729059284,,False,,,30769562,,{'self': {'href': 'https://somecomp.service.ru/api/v4/leads/26142961?page=2&limit=250&with=catalog_elements'}},"{'tags': [{'id': 53399, 'name': 'tilda', 'color': 'FF8F92'}], 'catalog_elements': [], 'companies': []}"
26143607,https://somecomp.ru/#form,0,9082218,540402,143,6298614,13728902,0,9082218,1728898067,1729080100,1729059285,,False,,,30769562,,{'self': {'href': 'https://somecomp.service.ru/api/v4/leads/26143607?page=2&limit=250&with=catalog_elements'}},"{'tags': [{'id': 53399, 'name': 'tilda', 'color': 'FF8F92'}], 'catalog_elements': [], 'companies': []}"
26145165,https://somecomp.ru/#form,0,9082218,540402,143,6298614,13728902,0,9082218,1728901883,1729080100,1729059285,,False,,,30769562,,{'self': {'href': 'https://somecomp.service.ru/api/v4/leads/26145165?page=2&limit=250&with=catalog_elements'}},"{'tags': [{'id': 53399, 'name': 'tilda', 'color': 'FF8F92'}], 'catalog_elements': [], 'companies': []}"
26145603,https://somecomp.ru/#form,0,9082218,540402,143,6298614,13728902,0,9082218,1728903737,1729080100,1729059285,,False,,,30769562,,{'self': {'href': 'https://somecomp.service.ru/api/v4/leads/26145603?page=2&limit=250&with=catalog_elements'}},"{'tags': [{'id': 53399, 'name': 'tilda', 'color': 'FF8F92'}], 'catalog_elements': [], 'companies': []}"
26146507,https://somecomp.ru/#form,0,9082218,540402,143,6298614,13728902,0,9082218,1728908122,1729080100,1729059285,,False,,,30769562,,{'self': {'href': 'https://somecomp.service.ru/api/v4/leads/26146507?page=2&limit=250&with=catalog_elements'}},"{'tags': [{'id': 53399, 'name': 'tilda', 'color': 'FF8F92'}], 'catalog_elements': [], 'companies': []}"
26146609,https://somecomp.ru/#form,0,9082218,540402,143,6298614,13728902,0,9082218,1728908659,1729080100,1729059285,,False,,,30769562,,{'self': {'href': 'https://somecomp.service.ru/api/v4/leads/26146609?page=2&limit=250&with=catalog_elements'}},"{'tags': [{'id': 53399, 'name': 'tilda', 'color': 'FF8F92'}], 'catalog_elements': [], 'companies': []}"
26148041,https://somecomp.ru/#form,0,9082218,540402,143,6298614,13728902,0,9082218,1728915322,1729080100,1729059286,,False,,,30769562,,{'self': {'href': 'https://somecomp.service.ru/api/v4/leads/26148041?page=2&limit=250&with=catalog_elements'}},"{'tags': [{'id': 53399, 'name': 'tilda', 'color': 'FF8F92'}], 'catalog_elements': [], 'companies': []}"
26149323,https://somecomp.ru/#form,0,9082218,540402,143,6298614,13728902,0,9082218,1728921560,1729080100,1729059286,,False,,,30769562,,{'self': {'href': 'https://somecomp.service.ru/api/v4/leads/26149323?page=2&limit=250&with=catalog_elements'}},"{'tags': [{'id': 53399, 'name': 'tilda', 'color': 'FF8F92'}], 'catalog_elements': [], 'companies': []}"
26149407,https://somecomp.ru/,0,9082218,540402,143,6298614,13728902,0,9082218,1728922135,1729080100,1729059286,,False,,,30769562,,{'self': {'href': 'https://somecomp.service.ru/api/v4/leads/26149407?page=2&limit=250&with=catalog_elements'}},"{'tags': [{'id': 53399, 'name': 'tilda', 'color': 'FF8F92'}], 'catalog_elements': [], 'companies': []}"
26149421,https://somecomp.ru/#form,0,9082218,540402,143,6298614,13728902,0,9082218,1728922331,1729080100,1729059286,,False,,,30769562,,{'self': {'href': 'https://somecomp.service.ru/api/v4/leads/26149421?page=2&limit=250&with=catalog_elements'}},"{'tags': [{'id': 53399, 'name': 'tilda', 'color': 'FF8F92'}], 'catalog_elements': [], 'companies': []}"
26149569,https://somecomp.ru/#form,0,9082218,540402,143,6298614,13728902,0,9082218,1728923576,1729080100,1729059281,,False,,,30769562,,{'self': {'href': 'https://somecomp.service.ru/api/v4/leads/26149569?page=2&limit=250&with=catalog_elements'}},"{'tags': [{'id': 53399, 'name': 'tilda', 'color': 'FF8F92'}], 'catalog_elements': [], 'companies': []}"
26150025,https://somecomp.ru/#form,0,9082218,540402,143,6298614,13728902,0,9082218,1728927304,1729080100,1729059281,,False,,,30769562,,{'self': {'href': 'https://somecomp.service.ru/api/v4/leads/26150025?page=2&limit=250&with=catalog_elements'}},"{'tags': [{'id': 53399, 'name': 'tilda', 'color': 'FF8F92'}], 'catalog_elements': [], 'companies': []}"
26150561,https://somecomp.ru/#form,0,9082218,540402,143,6298614,13728902,0,9082218,1728932811,1729080100,1729059282,,False,,,30769562,,{'self': {'href': 'https://somecomp.service.ru/api/v4/leads/26150561?page=2&limit=250&with=catalog_elements'}},"{'tags': [{'id': 53399, 'name': 'tilda', 'color': 'FF8F92'}], 'catalog_elements': [], 'companies': []}"
26150987,https://somecomp.ru/#form,0,9082218,540402,143,6298614,13728902,0,9082218,1728938048,1729080100,1729059282,,False,,,30769562,,{'self': {'href': 'https://somecomp.service.ru/api/v4/leads/26150987?page=2&limit=250&with=catalog_elements'}},"{'tags': [{'id': 53399, 'name': 'tilda', 'color': 'FF8F92'}], 'catalog_elements': [], 'companies': []}"
26151013,https://somecomp.ru/#form,0,9082218,540402,143,6298614,13728902,0,9082218,1728938402,1729080100,1729059282,,False,,,30769562,,{'self': {'href': 'https://somecomp.service.ru/api/v4/leads/26151013?page=2&limit=250&with=catalog_elements'}},"{'tags': [{'id': 53399, 'name': 'tilda', 'color': 'FF8F92'}], 'catalog_elements': [], 'companies': []}"
26151021,https://somecomp.ru/#form,0,9082218,540402,143,6298614,13728902,0,9082218,1728938594,1729080100,1729059282,,False,,,30769562,,{'self': {'href': 'https://somecomp.service.ru/api/v4/leads/26151021?page=2&limit=250&with=catalog_elements'}},"{'tags': [{'id': 53399, 'name': 'tilda', 'color': 'FF8F92'}], 'catalog_elements': [], 'companies': []}"
26151843,https://somecomp.ru/#form,0,9082218,540402,143,6298614,13728902,0,9082218,1728965449,1729080100,1729059283,,False,,,30769562,,{'self': {'href': 'https://somecomp.service.ru/api/v4/leads/26151843?page=2&limit=250&with=catalog_elements'}},"{'tags': [{'id': 53399, 'name': 'tilda', 'color': 'FF8F92'}], 'catalog_elements': [], 'companies': []}"
26153667,https://somecomp.ru/#form,0,9082218,540402,143,6298614,13728902,0,9082218,1728976388,1729080100,1729059284,,False,,,30769562,,{'self': {'href': 'https://somecomp.service.ru/api/v4/leads/26153667?page=2&limit=250&with=catalog_elements'}},"{'tags': [{'id': 53399, 'name': 'tilda', 'color': 'FF8F92'}], 'catalog_elements': [], 'companies': []}"
26154161,https://somecomp.ru/,0,9082218,540402,143,6298614,13728902,0,9082218,1728978347,1729080100,1729059278,,False,,,30769562,,{'self': {'href': 'https://somecomp.service.ru/api/v4/leads/26154161?page=2&limit=250&with=catalog_elements'}},"{'tags': [{'id': 53399, 'name': 'tilda', 'color': 'FF8F92'}], 'catalog_elements': [], 'companies': []}"
26155075,https://somecomp.ru/#form,0,9082218,540402,143,6298614,13728902,0,9082218,1728982748,1729080100,1729059278,,False,,,30769562,,{'self': {'href': 'https://somecomp.service.ru/api/v4/leads/26155075?page=2&limit=250&with=catalog_elements'}},"{'tags': [{'id': 53399, 'name': 'tilda', 'color': 'FF8F92'}], 'catalog_elements': [], 'companies': []}"
26157915,https://somecomp.ru/#form,0,9082218,540402,143,6298614,13728902,0,9082218,1728994152,1729080101,1729059279,,False,,,30769562,,{'self': {'href': 'https://somecomp.service.ru/api/v4/leads/26157915?page=2&limit=250&with=catalog_elements'}},"{'tags': [{'id': 53399, 'name': 'tilda', 'color': 'FF8F92'}], 'catalog_elements': [], 'companies': []}"
26157993,https://somecomp.ru/#form,0,9082218,540402,143,6298614,13728902,0,9082218,1728994493,1729080101,1729059279,,False,,,30769562,,{'self': {'href': 'https://somecomp.service.ru/api/v4/leads/26157993?page=2&limit=250&with=catalog_elements'}},"{'tags': [{'id': 53399, 'name': 'tilda', 'color': 'FF8F92'}], 'catalog_elements': [], 'companies': []}"
26157995,https://somecomp.ru/,0,9082218,540402,143,6298614,13728902,0,9082218,1728994493,1729080101,1729059279,,False,,,30769562,,{'self': {'href': 'https://somecomp.service.ru/api/v4/leads/26157995?page=2&limit=250&with=catalog_elements'}},"{'tags': [{'id': 53399, 'name': 'tilda', 'color': 'FF8F92'}], 'catalog_elements': [], 'companies': []}"
26159589,https://somecomp.ru/,0,9082218,540402,143,6298614,13728902,0,9082218,1729001889,1729080101,1729059280,,False,,,30769562,,{'self': {'href': 'https://somecomp.service.ru/api/v4/leads/26159589?page=2&limit=250&with=catalog_elements'}},"{'tags': [{'id': 53399, 'name': 'tilda', 'color': 'FF8F92'}], 'catalog_elements': [], 'companies': []}"
26160299,https://somecomp.ru/#form,0,9082218,540402,143,6298614,13728902,0,9082218,1729005555,1729080101,1729059280,,False,,,30769562,,{'self': {'href': 'https://somecomp.service.ru/api/v4/leads/26160299?page=2&limit=250&with=catalog_elements'}},"{'tags': [{'id': 53399, 'name': 'tilda', 'color': 'FF8F92'}], 'catalog_elements': [], 'companies': []}"
26160489,https://somecomp.ru/#form,0,9082218,540402,143,6298614,13728902,0,9082218,1729006500,1729080101,1729059275,,False,,,30769562,,{'self': {'href': 'https://somecomp.service.ru/api/v4/leads/26160489?page=2&limit=250&with=catalog_elements'}},"{'tags': [{'id': 53399, 'name': 'tilda', 'color': 'FF8F92'}], 'catalog_elements': [], 'companies': []}"
26160617,https://somecomp.ru/#form,0,9082218,540402,143,6298614,13728902,0,9082218,1729007355,1729080101,1729059275,,False,,,30769562,,{'self': {'href': 'https://somecomp.service.ru/api/v4/leads/26160617?page=2&limit=250&with=catalog_elements'}},"{'tags': [{'id': 53399, 'name': 'tilda', 'color': 'FF8F92'}], 'catalog_elements': [], 'companies': []}"
26161559,https://somecomp.ru/#form,0,9082218,540402,143,6298614,13728902,0,9082218,1729014344,1729080101,1729059275,,False,,,30769562,,{'self': {'href': 'https://somecomp.service.ru/api/v4/leads/26161559?page=2&limit=250&with=catalog_elements'}},"{'tags': [{'id': 53399, 'name': 'tilda', 'color': 'FF8F92'}], 'catalog_elements': [], 'companies': []}"
26161999,https://somecomp.ru/#form,0,9082218,540402,143,6298614,13728902,0,9082218,1729018659,1729080101,1729059276,,False,,,30769562,,{'self': {'href': 'https://somecomp.service.ru/api/v4/leads/26161999?page=2&limit=250&with=catalog_elements'}},"{'tags': [{'id': 53399, 'name': 'tilda', 'color': 'FF8F92'}], 'catalog_elements': [], 'companies': []}"
26162043,https://somecomp.ru/#form,0,9082218,540402,143,6298614,13728902,0,9082218,1729019090,1729080101,1729059276,,False,,,30769562,,{'self': {'href': 'https://somecomp.service.ru/api/v4/leads/26162043?page=2&limit=250&with=catalog_elements'}},"{'tags': [{'id': 53399, 'name': 'tilda', 'color': 'FF8F92'}], 'catalog_elements': [], 'companies': []}"
26162277,https://somecomp.ru/,0,9082218,540402,143,6298614,13728902,0,9082218,1729021595,1729080101,1729059276,,False,,,30769562,,{'self': {'href': 'https://somecomp.service.ru/api/v4/leads/26162277?page=2&limit=250&with=catalog_elements'}},"{'tags': [{'id': 53399, 'name': 'tilda', 'color': 'FF8F92'}], 'catalog_elements': [], 'companies': []}"
26162661,https://somecomp.ru/#form,0,9082218,540402,143,6298614,13728902,0,9082218,1729031187,1729080101,1729059277,,False,,,30769562,,{'self': {'href': 'https://somecomp.service.ru/api/v4/leads/26162661?page=2&limit=250&with=catalog_elements'}},"{'tags': [{'id': 53399, 'name': 'tilda', 'color': 'FF8F92'}], 'catalog_elements': [], 'companies': []}"
26099299,https://somecomp.ru/#form,0,9082218,540402,143,6298614,13728902,0,9082218,1728603271,1729080102,1728641990,,False,,,30769562,,{'self': {'href': 'https://somecomp.service.ru/api/v4/leads/26099299?page=2&limit=250&with=catalog_elements'}},"{'tags': [{'id': 53399, 'name': 'tilda', 'color': 'FF8F92'}], 'catalog_elements': [], 'companies': []}"
26099965,https://somecomp.ru/#form,0,9082218,540402,143,6298614,13728902,0,9082218,1728619480,1729080102,1728641990,,False,,,30769562,,{'self': {'href': 'https://somecomp.service.ru/api/v4/leads/26099965?page=2&limit=250&with=catalog_elements'}},"{'tags': [{'id': 53399, 'name': 'tilda', 'color': 'FF8F92'}], 'catalog_elements': [], 'companies': []}"
26100003,https://somecomp.ru/#form,0,9082218,540402,143,6298614,13728902,0,9082218,1728620038,1729080102,1728641991,,False,,,30769562,,{'self': {'href': 'https://somecomp.service.ru/api/v4/leads/26100003?page=2&limit=250&with=catalog_elements'}},"{'tags': [{'id': 53399, 'name': 'tilda', 'color': 'FF8F92'}], 'catalog_elements': [], 'companies': []}"
26101497,https://somecomp.ru/#form,0,9082218,540402,143,6298614,13728902,0,9082218,1728629578,1729080102,1728641991,,False,,,30769562,,{'self': {'href': 'https://somecomp.service.ru/api/v4/leads/26101497?page=2&limit=250&with=catalog_elements'}},"{'tags': [{'id': 53399, 'name': 'tilda', 'color': 'FF8F92'}], 'catalog_elements': [], 'companies': []}"
26162993,https://somecomp.ru/#form,0,9082218,540402,143,6298614,13728902,0,9082218,1729046056,1729080102,1729059277,,False,,,30769562,,{'self': {'href': 'https://somecomp.service.ru/api/v4/leads/26162993?page=2&limit=250&with=catalog_elements'}},"{'tags': [{'id': 53399, 'name': 'tilda', 'color': 'FF8F92'}], 'catalog_elements': [], 'companies': []}"
26163859,https://somecomp.ru/#form,0,9082218,540402,143,6298614,13728902,0,9082218,1729056522,1729080102,1729059277,,False,,,30769562,,{'self': {'href': 'https://somecomp.service.ru/api/v4/leads/26163859?page=2&limit=250&with=catalog_elements'}},"{'tags': [{'id': 53399, 'name': 'tilda', 'color': 'FF8F92'}], 'catalog_elements': [], 'companies': []}"
26165775,https://somecomp.ru/?ysclid=m2bkznyzqu480992897#form,0,9082218,540402,143,6298614,,0,9082218,1729065624,1729080102,1729069236,,False,,,30769562,,{'self': {'href': 'https://somecomp.service.ru/api/v4/leads/26165775?page=2&limit=250&with=catalog_elements'}},"{'tags': [{'id': 53399, 'name': 'tilda', 'color': 'FF8F92'}], 'catalog_elements': [], 'companies': []}"
26165853,https://somecomp.ru/?ysclid=m2bl6gjp8v823231158#form,0,9082218,540402,143,6298614,,0,9082218,1729065931,1729080102,1729069230,,False,,,30769562,,{'self': {'href': 'https://somecomp.service.ru/api/v4/leads/26165853?page=2&limit=250&with=catalog_elements'}},"{'tags': [{'id': 53399, 'name': 'tilda', 'color': 'FF8F92'}], 'catalog_elements': [], 'companies': []}"
26102013,https://somecomp.ru/#form,0,9082218,540402,143,6298614,13728902,0,9082218,1728631105,1729080103,1728641991,,False,,,30769562,,{'self': {'href': 'https://somecomp.service.ru/api/v4/leads/26102013?page=2&limit=250&with=catalog_elements'}},"{'tags': [{'id': 53399, 'name': 'tilda', 'color': 'FF8F92'}], 'catalog_elements': [], 'companies': []}"
26102617,https://somecomp.ru/,0,9082218,540402,143,6298614,13728902,0,9082218,1728634100,1729080103,1728641992,,False,,,30769562,,{'self': {'href': 'https://somecomp.service.ru/api/v4/leads/26102617?page=2&limit=250&with=catalog_elements'}},"{'tags': [{'id': 53399, 'name': 'tilda', 'color': 'FF8F92'}], 'catalog_elements': [], 'companies': []}"
26103695,https://somecomp.ru/#form,0,9082218,540402,143,6298614,13728902,0,9082218,1728639473,1729080103,1728641992,,False,,,30769562,,{'self': {'href': 'https://somecomp.service.ru/api/v4/leads/26103695?page=2&limit=250&with=catalog_elements'}},"{'tags': [{'id': 53399, 'name': 'tilda', 'color': 'FF8F92'}], 'catalog_elements': [], 'companies': []}"
26072297,https://somecomp.ru/#form,0,9082218,540402,143,6298614,13728902,0,9082218,1728404219,1729080106,1728475515,,False,,,30769562,,{'self': {'href': 'https://somecomp.service.ru/api/v4/leads/26072297?page=2&limit=250&with=catalog_elements'}},"{'tags': [{'id': 53399, 'name': 'tilda', 'color': 'FF8F92'}], 'catalog_elements': [], 'companies': []}"
26072369,https://somecomp.ru/#form,0,9082218,540402,143,6298614,13728902,0,9082218,1728404844,1729080106,1728475515,,False,,,30769562,,{'self': {'href': 'https://somecomp.service.ru/api/v4/leads/26072369?page=2&limit=250&with=catalog_elements'}},"{'tags': [{'id': 53399, 'name': 'tilda', 'color': 'FF8F92'}], 'catalog_elements': [], 'companies': []}"
26072945,https://somecomp.ru/#form,0,9082218,540402,143,6298614,13728902,0,9082218,1728409648,1729080106,1728475516,,False,,,30769562,,{'self': {'href': 'https://somecomp.service.ru/api/v4/leads/26072945?page=2&limit=250&with=catalog_elements'}},"{'tags': [{'id': 53399, 'name': 'tilda', 'color': 'FF8F92'}], 'catalog_elements': [], 'companies': []}"
26072989,https://somecomp.ru/#form,0,9082218,540402,143,6298614,13728902,0,9082218,1728410341,1729080106,1728475516,,False,,,30769562,,{'self': {'href': 'https://somecomp.service.ru/api/v4/leads/26072989?page=2&limit=250&with=catalog_elements'}},"{'tags': [{'id': 53399, 'name': 'tilda', 'color': 'FF8F92'}], 'catalog_elements': [], 'companies': []}"
26073759,https://somecomp.ru/,0,9082218,540402,143,6298614,13728902,0,9082218,1728424282,1729080106,1728475510,,False,,,30769562,,{'self': {'href': 'https://somecomp.service.ru/api/v4/leads/26073759?page=2&limit=250&with=catalog_elements'}},"{'tags': [{'id': 53399, 'name': 'tilda', 'color': 'FF8F92'}], 'catalog_elements': [], 'companies': []}"
26073781,https://somecomp.ru/#form,0,9082218,540402,143,6298614,13728902,0,9082218,1728425161,1729080106,1728475510,,False,,,30769562,,{'self': {'href': 'https://somecomp.service.ru/api/v4/leads/26073781?page=2&limit=250&with=catalog_elements'}},"{'tags': [{'id': 53399, 'name': 'tilda', 'color': 'FF8F92'}], 'catalog_elements': [], 'companies': []}"
26073811,https://somecomp.ru/#form,0,9082218,540402,143,6298614,13728902,0,9082218,1728426327,1729080106,1728475510,,False,,,30769562,,{'self': {'href': 'https://somecomp.service.ru/api/v4/leads/26073811?page=2&limit=250&with=catalog_elements'}},"{'tags': [{'id': 53399, 'name': 'tilda', 'color': 'FF8F92'}], 'catalog_elements': [], 'companies': []}"
26073835,https://somecomp.ru/#form,0,9082218,540402,143,6298614,13728902,0,9082218,1728427899,1729080106,1728475511,,False,,,30769562,,{'self': {'href': 'https://somecomp.service.ru/api/v4/leads/26073835?page=2&limit=250&with=catalog_elements'}},"{'tags': [{'id': 53399, 'name': 'tilda', 'color': 'FF8F92'}], 'catalog_elements': [], 'companies': []}"
26074069,https://somecomp.ru/,0,9082218,540402,143,6298614,13728902,0,9082218,1728441531,1729080106,1728475511,,False,,,30769562,,{'self': {'href': 'https://somecomp.service.ru/api/v4/leads/26074069?page=2&limit=250&with=catalog_elements'}},"{'tags': [{'id': 53399, 'name': 'tilda', 'color': 'FF8F92'}], 'catalog_elements': [], 'companies': []}"
26136757,https://somecomp.ru/#form,0,9082218,540402,143,6298614,13728902,0,9082218,1728838174,1729080106,1729059292,,False,,,30769562,,{'self': {'href': 'https://somecomp.service.ru/api/v4/leads/26136757?page=2&limit=250&with=catalog_elements'}},"{'tags': [{'id': 53399, 'name': 'tilda', 'color': 'FF8F92'}], 'catalog_elements': [], 'companies': []}"
26136831,https://somecomp.ru/#form,0,9082218,540402,143,6298614,13728902,0,9082218,1728838865,1729080106,1729059292,,False,,,30769562,,{'self': {'href': 'https://somecomp.service.ru/api/v4/leads/26136831?page=2&limit=250&with=catalog_elements'}},"{'tags': [{'id': 53399, 'name': 'tilda', 'color': 'FF8F92'}], 'catalog_elements': [], 'companies': []}"
26136857,https://somecomp.ru/#form,0,9082218,540402,143,6298614,13728902,0,9082218,1728839139,1729080106,1729059292,,False,,,30769562,,{'self': {'href': 'https://somecomp.service.ru/api/v4/leads/26136857?page=2&limit=250&with=catalog_elements'}},"{'tags': [{'id': 53399, 'name': 'tilda', 'color': 'FF8F92'}], 'catalog_elements': [], 'companies': []}"
26137003,https://somecomp.ru/#form,0,9082218,540402,143,6298614,13728902,0,9082218,1728840634,1729080106,1729059292,,False,,,30769562,,{'self': {'href': 'https://somecomp.service.ru/api/v4/leads/26137003?page=2&limit=250&with=catalog_elements'}},"{'tags': [{'id': 53399, 'name': 'tilda', 'color': 'FF8F92'}], 'catalog_elements': [], 'companies': []}"
26074987,https://somecomp.ru/#form,0,9082218,540402,143,6298614,13728902,0,9082218,1728451777,1729080107,1728475511,,False,,,30769562,,{'self': {'href': 'https://somecomp.service.ru/api/v4/leads/26074987?page=2&limit=250&with=catalog_elements'}},"{'tags': [{'id': 53399, 'name': 'tilda', 'color': 'FF8F92'}], 'catalog_elements': [], 'companies': []}"
26075111,https://somecomp.ru/,0,9082218,540402,143,6298614,13728902,0,9082218,1728452725,1729080107,1728475511,,False,,,30769562,,{'self': {'href': 'https://somecomp.service.ru/api/v4/leads/26075111?page=2&limit=250&with=catalog_elements'}},"{'tags': [{'id': 53399, 'name': 'tilda', 'color': 'FF8F92'}], 'catalog_elements': [], 'companies': []}"
26075903,https://somecomp.ru/#form,0,9082218,540402,143,6298614,13728902,0,9082218,1728456519,1729080107,1728475511,,False,,,30769562,,{'self': {'href': 'https://somecomp.service.ru/api/v4/leads/26075903?page=2&limit=250&with=catalog_elements'}},"{'tags': [{'id': 53399, 'name': 'tilda', 'color': 'FF8F92'}], 'catalog_elements': [], 'companies': []}"
26077119,https://somecomp.ru/#form,0,9082218,540402,143,6298614,13728902,0,9082218,1728461904,1729080107,1728475512,,False,,,30769562,,{'self': {'href': 'https://somecomp.service.ru/api/v4/leads/26077119?page=2&limit=250&with=catalog_elements'}},"{'tags': [{'id': 53399, 'name': 'tilda', 'color': 'FF8F92'}], 'catalog_elements': [], 'companies': []}"
26077313,https://somecomp.ru/#form,0,9082218,540402,143,6298614,13728902,0,9082218,1728462852,1729080107,1728475512,,False,,,30769562,,{'self': {'href': 'https://somecomp.service.ru/api/v4/leads/26077313?page=2&limit=250&with=catalog_elements'}},"{'tags': [{'id': 53399, 'name': 'tilda', 'color': 'FF8F92'}], 'catalog_elements': [], 'companies': []}"
26077887,https://somecomp.ru/#form,0,9082218,540402,143,6298614,13728902,0,9082218,1728465501,1729080107,1728475512,,False,,,30769562,,{'self': {'href': 'https://somecomp.service.ru/api/v4/leads/26077887?page=2&limit=250&with=catalog_elements'}},"{'tags': [{'id': 53399, 'name': 'tilda', 'color': 'FF8F92'}], 'catalog_elements': [], 'companies': []}"
26077939,https://somecomp.ru/#form,0,9082218,540402,143,6298614,13728902,0,9082218,1728465812,1729080107,1728475512,,False,,,30769562,,{'self': {'href': 'https://somecomp.service.ru/api/v4/leads/26077939?page=2&limit=250&with=catalog_elements'}},"{'tags': [{'id': 53399, 'name': 'tilda', 'color': 'FF8F92'}], 'catalog_elements': [], 'companies': []}"
26078181,https://somecomp.ru/?ysclid=m21okuipj0611365559#form,0,9082218,540402,143,6298614,13728902,0,9082218,1728467052,1729080107,1728475512,,False,,,30769562,,{'self': {'href': 'https://somecomp.service.ru/api/v4/leads/26078181?page=2&limit=250&with=catalog_elements'}},"{'tags': [{'id': 53399, 'name': 'tilda', 'color': 'FF8F92'}], 'catalog_elements': [], 'companies': []}"
26081249,https://somecomp.ru/,0,9082218,540402,143,6298614,13728902,0,9082218,1728472501,1729080107,1728475513,,False,,,30769562,,{'self': {'href': 'https://somecomp.service.ru/api/v4/leads/26081249?page=2&limit=250&with=catalog_elements'}},"{'tags': [{'id': 53399, 'name': 'tilda', 'color': 'FF8F92'}], 'catalog_elements': [], 'companies': []}"
26081475,https://somecomp.ru/#form,0,9082218,540402,143,6298614,13728902,0,9082218,1728473887,1729080107,1728475513,,False,,,30769562,,{'self': {'href': 'https://somecomp.service.ru/api/v4/leads/26081475?page=2&limit=250&with=catalog_elements'}},"{'tags': [{'id': 53399, 'name': 'tilda', 'color': 'FF8F92'}], 'catalog_elements': [], 'companies': []}"
26081639,https://somecomp.ru/?ysclid=m21tagswg446117694,0,9082218,540402,143,6298614,13728902,0,9082218,1728474942,1729080108,1728475513,,False,,,30769562,,{'self': {'href': 'https://somecomp.service.ru/api/v4/leads/26081639?page=2&limit=250&with=catalog_elements'}},"{'tags': [{'id': 53399, 'name': 'tilda', 'color': 'FF8F92'}], 'catalog_elements': [], 'companies': []}"
26081655,https://somecomp.ru/#form,0,9082218,540402,143,6298614,13728902,0,9082218,1728474986,1729080108,1728475513,,False,,,30769562,,{'self': {'href': 'https://somecomp.service.ru/api/v4/leads/26081655?page=2&limit=250&with=catalog_elements'}},"{'tags': [{'id': 53399, 'name': 'tilda', 'color': 'FF8F92'}], 'catalog_elements': [], 'companies': []}"
26081807,https://somecomp.ru/#form,0,9082218,540402,143,6298614,13728902,0,9082218,1728475828,1729080108,1728641999,,False,,,30769562,,{'self': {'href': 'https://somecomp.service.ru/api/v4/leads/26081807?page=2&limit=250&with=catalog_elements'}},"{'tags': [{'id': 53399, 'name': 'tilda', 'color': 'FF8F92'}], 'catalog_elements': [], 'companies': []}"
26082019,https://somecomp.ru/#form,0,9082218,540402,143,6298614,13728902,0,9082218,1728476829,1729080108,1728641999,,False,,,30769562,,{'self': {'href': 'https://somecomp.service.ru/api/v4/leads/26082019?page=2&limit=250&with=catalog_elements'}},"{'tags': [{'id': 53399, 'name': 'tilda', 'color': 'FF8F92'}], 'catalog_elements': [], 'companies': []}"
26082801,https://somecomp.ru/?ysclid=lztnqtsysq889520001#form,0,9082218,540402,143,6298614,13728902,0,9082218,1728480670,1729080108,1728641999,,False,,,30769562,,{'self': {'href': 'https://somecomp.service.ru/api/v4/leads/26082801?page=2&limit=250&with=catalog_elements'}},"{'tags': [{'id': 53399, 'name': 'tilda', 'color': 'FF8F92'}], 'catalog_elements': [], 'companies': []}"
26083987,https://somecomp.ru/#form,0,9082218,540402,143,6298614,13728902,0,9082218,1728488729,1729080108,1728641999,,False,,,30769562,,{'self': {'href': 'https://somecomp.service.ru/api/v4/leads/26083987?page=2&limit=250&with=catalog_elements'}},"{'tags': [{'id': 53399, 'name': 'tilda', 'color': 'FF8F92'}], 'catalog_elements': [], 'companies': []}"
26084595,https://somecomp.ru/#form,0,9082218,540402,143,6298614,13728902,0,9082218,1728493615,1729080108,1728641999,,False,,,30769562,,{'self': {'href': 'https://somecomp.service.ru/api/v4/leads/26084595?page=2&limit=250&with=catalog_elements'}},"{'tags': [{'id': 53399, 'name': 'tilda', 'color': 'FF8F92'}], 'catalog_elements': [], 'companies': []}"
26085171,https://somecomp.ru/#form,0,9082218,540402,143,6298614,13728902,0,9082218,1728495609,1729080108,1728641999,,False,,,30769562,,{'self': {'href': 'https://somecomp.service.ru/api/v4/leads/26085171?page=2&limit=250&with=catalog_elements'}},"{'tags': [{'id': 53399, 'name': 'tilda', 'color': 'FF8F92'}], 'catalog_elements': [], 'companies': []}"
26085323,https://somecomp.ru/#form,0,9082218,540402,143,6298614,13728902,0,9082218,1728497860,1729080108,1728641999,,False,,,30769562,,{'self': {'href': 'https://somecomp.service.ru/api/v4/leads/26085323?page=2&limit=250&with=catalog_elements'}},"{'tags': [{'id': 53399, 'name': 'tilda', 'color': 'FF8F92'}], 'catalog_elements': [], 'companies': []}"
26085425,https://somecomp.ru/#form,0,9082218,540402,143,6298614,13728902,0,9082218,1728499207,1729080108,1728642000,,False,,,30769562,,{'self': {'href': 'https://somecomp.service.ru/api/v4/leads/26085425?page=2&limit=250&with=catalog_elements'}},"{'tags': [{'id': 53399, 'name': 'tilda', 'color': 'FF8F92'}], 'catalog_elements': [], 'companies': []}"
26085509,https://somecomp.ru/#form,0,9082218,540402,143,6298614,13728902,0,9082218,1728500668,1729080109,1728642000,,False,,,30769562,,{'self': {'href': 'https://somecomp.service.ru/api/v4/leads/26085509?page=2&limit=250&with=catalog_elements'}},"{'tags': [{'id': 53399, 'name': 'tilda', 'color': 'FF8F92'}], 'catalog_elements': [], 'companies': []}"
26085517,https://somecomp.ru/,0,9082218,540402,143,6298614,13728902,0,9082218,1728500783,1729080109,1728642000,,False,,,30769562,,{'self': {'href': 'https://somecomp.service.ru/api/v4/leads/26085517?page=2&limit=250&with=catalog_elements'}},"{'tags': [{'id': 53399, 'name': 'tilda', 'color': 'FF8F92'}], 'catalog_elements': [], 'companies': []}"
26085627,https://somecomp.ru/#form,0,9082218,540402,143,6298614,13728902,0,9082218,1728502663,1729080109,1728642000,,False,,,30769562,,{'self': {'href': 'https://somecomp.service.ru/api/v4/leads/26085627?page=2&limit=250&with=catalog_elements'}},"{'tags': [{'id': 53399, 'name': 'tilda', 'color': 'FF8F92'}], 'catalog_elements': [], 'companies': []}"
26085769,https://somecomp.ru/#form,0,9082218,540402,143,6298614,13728902,0,9082218,1728505119,1729080109,1728642000,,False,,,30769562,,{'self': {'href': 'https://somecomp.service.ru/api/v4/leads/26085769?page=2&limit=250&with=catalog_elements'}},"{'tags': [{'id': 53399, 'name': 'tilda', 'color': 'FF8F92'}], 'catalog_elements': [], 'companies': []}"
26085909,https://somecomp.ru/#form,0,9082218,540402,143,6298614,13728902,0,9082218,1728509874,1729080109,1728642000,,False,,,30769562,,{'self': {'href': 'https://somecomp.service.ru/api/v4/leads/26085909?page=2&limit=250&with=catalog_elements'}},"{'tags': [{'id': 53399, 'name': 'tilda', 'color': 'FF8F92'}], 'catalog_elements': [], 'companies': []}"
26090355,https://somecomp.ru/#form,0,9082218,540402,143,6298614,13728902,0,9082218,1728552432,1729080109,1728641997,,False,,,30769562,,{'self': {'href': 'https://somecomp.service.ru/api/v4/leads/26090355?page=2&limit=250&with=catalog_elements'}},"{'tags': [{'id': 53399, 'name': 'tilda', 'color': 'FF8F92'}], 'catalog_elements': [], 'companies': []}"
26090415,https://somecomp.ru/,0,9082218,540402,143,6298614,13728902,0,9082218,1728552785,1729080109,1728641997,,False,,,30769562,,{'self': {'href': 'https://somecomp.service.ru/api/v4/leads/26090415?page=2&limit=250&with=catalog_elements'}},"{'tags': [{'id': 53399, 'name': 'tilda', 'color': 'FF8F92'}], 'catalog_elements': [], 'companies': []}"
26090847,https://somecomp.ru/#form,0,9082218,540402,143,6298614,13728902,0,9082218,1728554786,1729080109,1728641997,,False,,,30769562,,{'self': {'href': 'https://somecomp.service.ru/api/v4/leads/26090847?page=2&limit=250&with=catalog_elements'}},"{'tags': [{'id': 53399, 'name': 'tilda', 'color': 'FF8F92'}], 'catalog_elements': [], 'companies': []}"
26092287,https://somecomp.ru/,0,9082218,540402,143,6298614,13728902,0,9082218,1728559476,1729080109,1728641997,,False,,,30769562,,{'self': {'href': 'https://somecomp.service.ru/api/v4/leads/26092287?page=2&limit=250&with=catalog_elements'}},"{'tags': [{'id': 53399, 'name': 'tilda', 'color': 'FF8F92'}], 'catalog_elements': [], 'companies': []}"
26093551,https://somecomp.ru/#form,0,9082218,540402,143,6298614,13728902,0,9082218,1728563948,1729080109,1728641998,,False,,,30769562,,{'self': {'href': 'https://somecomp.service.ru/api/v4/leads/26093551?page=2&limit=250&with=catalog_elements'}},"{'tags': [{'id': 53399, 'name': 'tilda', 'color': 'FF8F92'}], 'catalog_elements': [], 'companies': []}"
26093755,https://somecomp.ru/,0,9082218,540402,143,6298614,13728902,0,9082218,1728565115,1729080109,1728641998,,False,,,30769562,,{'self': {'href': 'https://somecomp.service.ru/api/v4/leads/26093755?page=2&limit=250&with=catalog_elements'}},"{'tags': [{'id': 53399, 'name': 'tilda', 'color': 'FF8F92'}], 'catalog_elements': [], 'companies': []}"
26094205,https://somecomp.ru/#form,0,9082218,540402,143,6298614,13728902,0,9082218,1728567012,1729080109,1728641999,,False,,,30769562,,{'self': {'href': 'https://somecomp.service.ru/api/v4/leads/26094205?page=2&limit=250&with=catalog_elements'}},"{'tags': [{'id': 53399, 'name': 'tilda', 'color': 'FF8F92'}], 'catalog_elements': [], 'companies': []}"
26095223,https://somecomp.ru/#form,0,9082218,540402,143,6298614,13728902,0,9082218,1728572911,1729080109,1728641994,,False,,,30769562,,{'self': {'href': 'https://somecomp.service.ru/api/v4/leads/26095223?page=2&limit=250&with=catalog_elements'}},"{'tags': [{'id': 53399, 'name': 'tilda', 'color': 'FF8F92'}], 'catalog_elements': [], 'companies': []}"
26095293,https://somecomp.ru/#form,0,9082218,540402,143,6298614,13728902,0,9082218,1728573301,1729080109,1728641994,,False,,,30769562,,{'self': {'href': 'https://somecomp.service.ru/api/v4/leads/26095293?page=2&limit=250&with=catalog_elements'}},"{'tags': [{'id': 53399, 'name': 'tilda', 'color': 'FF8F92'}], 'catalog_elements': [], 'companies': []}"
26041771,https://somecomp.ru/#form,0,9082218,540402,143,6298614,13728902,0,9082218,1728156983,1729080110,1728305149,,False,,,30769562,,{'self': {'href': 'https://somecomp.service.ru/api/v4/leads/26041771?page=2&limit=250&with=catalog_elements'}},"{'tags': [{'id': 53399, 'name': 'tilda', 'color': 'FF8F92'}], 'catalog_elements': [], 'companies': []}"
26095983,https://somecomp.ru/#form,0,9082218,540402,143,6298614,13728902,0,9082218,1728578663,1729080110,1728641995,,False,,,30769562,,{'self': {'href': 'https://somecomp.service.ru/api/v4/leads/26095983?page=2&limit=250&with=catalog_elements'}},"{'tags': [{'id': 53399, 'name': 'tilda', 'color': 'FF8F92'}], 'catalog_elements': [], 'companies': []}"
26096159,https://somecomp.ru/#form,0,9082218,540402,143,6298614,13728902,0,9082218,1728579436,1729080110,1728641995,,False,,,30769562,,{'self': {'href': 'https://somecomp.service.ru/api/v4/leads/26096159?page=2&limit=250&with=catalog_elements'}},"{'tags': [{'id': 53399, 'name': 'tilda', 'color': 'FF8F92'}], 'catalog_elements': [], 'companies': []}"
26096419,https://somecomp.ru/#form,0,9082218,540402,143,6298614,13728902,0,9082218,1728581406,1729080110,1728641995,,False,,,30769562,,{'self': {'href': 'https://somecomp.service.ru/api/v4/leads/26096419?page=2&limit=250&with=catalog_elements'}},"{'tags': [{'id': 53399, 'name': 'tilda', 'color': 'FF8F92'}], 'catalog_elements': [], 'companies': []}"
26097005,https://somecomp.ru/#form,0,9082218,540402,143,6298614,13728902,0,9082218,1728582949,1729080110,1728641995,,False,,,30769562,,{'self': {'href': 'https://somecomp.service.ru/api/v4/leads/26097005?page=2&limit=250&with=catalog_elements'}},"{'tags': [{'id': 53399, 'name': 'tilda', 'color': 'FF8F92'}], 'catalog_elements': [], 'companies': []}"
26097967,https://somecomp.ru/#form,0,9082218,540402,143,6298614,13728902,0,9082218,1728585336,1729080110,1728641996,,False,,,30769562,,{'self': {'href': 'https://somecomp.service.ru/api/v4/leads/26097967?page=2&limit=250&with=catalog_elements'}},"{'tags': [{'id': 53399, 'name': 'tilda', 'color': 'FF8F92'}], 'catalog_elements': [], 'companies': []}"
26098573,https://somecomp.ru/#form,0,9082218,540402,143,6298614,13728902,0,9082218,1728587834,1729080110,1728641989,,False,,,30769562,,{'self': {'href': 'https://somecomp.service.ru/api/v4/leads/26098573?page=2&limit=250&with=catalog_elements'}},"{'tags': [{'id': 53399, 'name': 'tilda', 'color': 'FF8F92'}], 'catalog_elements': [], 'companies': []}"
26043639,https://somecomp.ru/#form,0,9082218,540402,143,6298614,13728902,0,9082218,1728195758,1729080111,1728305149,,False,,,30769562,,{'self': {'href': 'https://somecomp.service.ru/api/v4/leads/26043639?page=2&limit=250&with=catalog_elements'}},"{'tags': [{'id': 53399, 'name': 'tilda', 'color': 'FF8F92'}], 'catalog_elements': [], 'companies': []}"
26044801,https://somecomp.ru/#form,0,9082218,540402,143,6298614,13728902,0,9082218,1728199480,1729080111,1728305149,,False,,,30769562,,{'self': {'href': 'https://somecomp.service.ru/api/v4/leads/26044801?page=2&limit=250&with=catalog_elements'}},"{'tags': [{'id': 53399, 'name': 'tilda', 'color': 'FF8F92'}], 'catalog_elements': [], 'companies': []}"
26044889,https://somecomp.ru/#form,0,9082218,540402,143,6298614,13728902,0,9082218,1728200088,1729080111,1728305149,,False,,,30769562,,{'self': {'href': 'https://somecomp.service.ru/api/v4/leads/26044889?page=2&limit=250&with=catalog_elements'}},"{'tags': [{'id': 53399, 'name': 'tilda', 'color': 'FF8F92'}], 'catalog_elements': [], 'companies': []}"
26046243,https://somecomp.ru/#form,0,9082218,540402,143,6298614,13728902,0,9082218,1728208602,1729080111,1728305149,,False,,,30769562,,{'self': {'href': 'https://somecomp.service.ru/api/v4/leads/26046243?page=2&limit=250&with=catalog_elements'}},"{'tags': [{'id': 53399, 'name': 'tilda', 'color': 'FF8F92'}], 'catalog_elements': [], 'companies': []}"
26046835,https://somecomp.ru/#form,0,9082218,540402,143,6298614,13728902,0,9082218,1728212201,1729080111,1728305149,,False,,,30769562,,{'self': {'href': 'https://somecomp.service.ru/api/v4/leads/26046835?page=2&limit=250&with=catalog_elements'}},"{'tags': [{'id': 53399, 'name': 'tilda', 'color': 'FF8F92'}], 'catalog_elements': [], 'companies': []}"
26047817,https://somecomp.ru/,0,9082218,540402,143,6298614,13728902,0,9082218,1728216929,1729080111,1728305150,,False,,,30769562,,{'self': {'href': 'https://somecomp.service.ru/api/v4/leads/26047817?page=2&limit=250&with=catalog_elements'}},"{'tags': [{'id': 53399, 'name': 'tilda', 'color': 'FF8F92'}], 'catalog_elements': [], 'companies': []}"
26048675,https://somecomp.ru/#form,0,9082218,540402,143,6298614,13728902,0,9082218,1728222515,1729080111,1728305150,,False,,,30769562,,{'self': {'href': 'https://somecomp.service.ru/api/v4/leads/26048675?page=2&limit=250&with=catalog_elements'}},"{'tags': [{'id': 53399, 'name': 'tilda', 'color': 'FF8F92'}], 'catalog_elements': [], 'companies': []}"
26048727,https://somecomp.ru/,0,9082218,540402,143,6298614,13728902,0,9082218,1728222847,1729080111,1728305150,,False,,,30769562,,{'self': {'href': 'https://somecomp.service.ru/api/v4/leads/26048727?page=2&limit=250&with=catalog_elements'}},"{'tags': [{'id': 53399, 'name': 'tilda', 'color': 'FF8F92'}], 'catalog_elements': [], 'companies': []}"
26049037,https://somecomp.ru/#form,0,9082218,540402,143,6298614,13728902,0,9082218,1728224786,1729080111,1728305150,,False,,,30769562,,{'self': {'href': 'https://somecomp.service.ru/api/v4/leads/26049037?page=2&limit=250&with=catalog_elements'}},"{'tags': [{'id': 53399, 'name': 'tilda', 'color': 'FF8F92'}], 'catalog_elements': [], 'companies': []}"
26049655,https://somecomp.ru/#form,0,9082218,540402,143,6298614,13728902,0,9082218,1728228916,1729080111,1728305150,,False,,,30769562,,{'self': {'href': 'https://somecomp.service.ru/api/v4/leads/26049655?page=2&limit=250&with=catalog_elements'}},"{'tags': [{'id': 53399, 'name': 'tilda', 'color': 'FF8F92'}], 'catalog_elements': [], 'companies': []}"
26049693,https://somecomp.ru/,0,9082218,540402,143,6298614,13728902,0,9082218,1728229100,1729080111,1728305150,,False,,,30769562,,{'self': {'href': 'https://somecomp.service.ru/api/v4/leads/26049693?page=2&limit=250&with=catalog_elements'}},"{'tags': [{'id': 53399, 'name': 'tilda', 'color': 'FF8F92'}], 'catalog_elements': [], 'companies': []}"
26050151,https://somecomp.ru/#form,0,9082218,540402,143,6298614,13728902,0,9082218,1728232366,1729080111,1728305150,,False,,,30769562,,{'self': {'href': 'https://somecomp.service.ru/api/v4/leads/26050151?page=2&limit=250&with=catalog_elements'}},"{'tags': [{'id': 53399, 'name': 'tilda', 'color': 'FF8F92'}], 'catalog_elements': [], 'companies': []}"
26050161,https://somecomp.ru/#form,0,9082218,540402,143,6298614,13728902,0,9082218,1728232438,1729080111,1728305150,,False,,,30769562,,{'self': {'href': 'https://somecomp.service.ru/api/v4/leads/26050161?page=2&limit=250&with=catalog_elements'}},"{'tags': [{'id': 53399, 'name': 'tilda', 'color': 'FF8F92'}], 'catalog_elements': [], 'companies': []}"
26050575,https://somecomp.ru/#form,0,9082218,540402,143,6298614,13728902,0,9082218,1728236628,1729080111,1728305151,,False,,,30769562,,{'self': {'href': 'https://somecomp.service.ru/api/v4/leads/26050575?page=2&limit=250&with=catalog_elements'}},"{'tags': [{'id': 53399, 'name': 'tilda', 'color': 'FF8F92'}], 'catalog_elements': [], 'companies': []}"
26051005,https://somecomp.ru/#form,0,9082218,540402,143,6298614,13728902,0,9082218,1728241258,1729080111,1728305151,,False,,,30769562,,{'self': {'href': 'https://somecomp.service.ru/api/v4/leads/26051005?page=2&limit=250&with=catalog_elements'}},"{'tags': [{'id': 53399, 'name': 'tilda', 'color': 'FF8F92'}], 'catalog_elements': [], 'companies': []}"
26051449,https://somecomp.ru/#form,0,9082218,540402,143,6298614,13728902,0,9082218,1728248318,1729080111,1728305145,,False,,,30769562,,{'self': {'href': 'https://somecomp.service.ru/api/v4/leads/26051449?page=2&limit=250&with=catalog_elements'}},"{'tags': [{'id': 53399, 'name': 'tilda', 'color': 'FF8F92'}], 'catalog_elements': [], 'companies': []}"
26051459,https://somecomp.ru/#form,0,9082218,540402,143,6298614,13728902,0,9082218,1728248774,1729080111,1728305145,,False,,,30769562,,{'self': {'href': 'https://somecomp.service.ru/api/v4/leads/26051459?page=2&limit=250&with=catalog_elements'}},"{'tags': [{'id': 53399, 'name': 'tilda', 'color': 'FF8F92'}], 'catalog_elements': [], 'companies': []}"
26051715,https://somecomp.ru/#form,0,9082218,540402,143,6298614,13728902,0,9082218,1728260598,1729080112,1728305145,,False,,,30769562,,{'self': {'href': 'https://somecomp.service.ru/api/v4/leads/26051715?page=2&limit=250&with=catalog_elements'}},"{'tags': [{'id': 53399, 'name': 'tilda', 'color': 'FF8F92'}], 'catalog_elements': [], 'companies': []}"
26053381,https://somecomp.ru/#form,0,9082218,540402,143,6298614,13728902,0,9082218,1728281615,1729080112,1728305145,,False,,,30769562,,{'self': {'href': 'https://somecomp.service.ru/api/v4/leads/26053381?page=2&limit=250&with=catalog_elements'}},"{'tags': [{'id': 53399, 'name': 'tilda', 'color': 'FF8F92'}], 'catalog_elements': [], 'companies': []}"
26055011,https://somecomp.ru/#form,0,9082218,540402,143,6298614,13728902,0,9082218,1728287253,1729080112,1728305146,,False,,,30769562,,{'self': {'href': 'https://somecomp.service.ru/api/v4/leads/26055011?page=2&limit=250&with=catalog_elements'}},"{'tags': [{'id': 53399, 'name': 'tilda', 'color': 'FF8F92'}], 'catalog_elements': [], 'companies': []}"
26055391,https://somecomp.ru/,0,9082218,540402,143,6298614,13728902,0,9082218,1728288975,1729080112,1728305146,,False,,,30769562,,{'self': {'href': 'https://somecomp.service.ru/api/v4/leads/26055391?page=2&limit=250&with=catalog_elements'}},"{'tags': [{'id': 53399, 'name': 'tilda', 'color': 'FF8F92'}], 'catalog_elements': [], 'companies': []}"
26055455,https://somecomp.ru/,0,9082218,540402,143,6298614,13728902,0,9082218,1728289330,1729080112,1728305146,,False,,,30769562,,{'self': {'href': 'https://somecomp.service.ru/api/v4/leads/26055455?page=2&limit=250&with=catalog_elements'}},"{'tags': [{'id': 53399, 'name': 'tilda', 'color': 'FF8F92'}], 'catalog_elements': [], 'companies': []}"
26055837,https://somecomp.ru/#form,0,9082218,540402,143,6298614,13728902,0,9082218,1728290987,1729080112,1728305146,,False,,,30769562,,{'self': {'href': 'https://somecomp.service.ru/api/v4/leads/26055837?page=2&limit=250&with=catalog_elements'}},"{'tags': [{'id': 53399, 'name': 'tilda', 'color': 'FF8F92'}], 'catalog_elements': [], 'companies': []}"
26055879,https://somecomp.ru/,0,9082218,540402,143,6298614,13728902,0,9082218,1728291178,1729080112,1728305146,,False,,,30769562,,{'self': {'href': 'https://somecomp.service.ru/api/v4/leads/26055879?page=2&limit=250&with=catalog_elements'}},"{'tags': [{'id': 53399, 'name': 'tilda', 'color': 'FF8F92'}], 'catalog_elements': [], 'companies': []}"
26055949,https://somecomp.ru/#form,0,9082218,540402,143,6298614,13728902,0,9082218,1728291478,1729080112,1728305146,,False,,,30769562,,{'self': {'href': 'https://somecomp.service.ru/api/v4/leads/26055949?page=2&limit=250&with=catalog_elements'}},"{'tags': [{'id': 53399, 'name': 'tilda', 'color': 'FF8F92'}], 'catalog_elements': [], 'companies': []}"
26056811,https://somecomp.ru/#form,0,9082218,540402,143,6298614,13728902,0,9082218,1728295114,1729080112,1728305146,,False,,,30769562,,{'self': {'href': 'https://somecomp.service.ru/api/v4/leads/26056811?page=2&limit=250&with=catalog_elements'}},"{'tags': [{'id': 53399, 'name': 'tilda', 'color': 'FF8F92'}], 'catalog_elements': [], 'companies': []}"
26056981,https://somecomp.ru/#form,0,9082218,540402,143,6298614,13728902,0,9082218,1728295910,1729080112,1728305147,,False,,,30769562,,{'self': {'href': 'https://somecomp.service.ru/api/v4/leads/26056981?page=2&limit=250&with=catalog_elements'}},"{'tags': [{'id': 53399, 'name': 'tilda', 'color': 'FF8F92'}], 'catalog_elements': [], 'companies': []}"
26057117,https://somecomp.ru/,0,9082218,540402,143,6298614,13728902,0,9082218,1728296491,1729080112,1728305147,,False,,,30769562,,{'self': {'href': 'https://somecomp.service.ru/api/v4/leads/26057117?page=2&limit=250&with=catalog_elements'}},"{'tags': [{'id': 53399, 'name': 'tilda', 'color': 'FF8F92'}], 'catalog_elements': [], 'companies': []}"
26059497,https://somecomp.ru/#form,0,9082218,540402,143,6298614,13728902,0,9082218,1728305117,1729080112,1728305148,,False,,,30769562,,{'self': {'href': 'https://somecomp.service.ru/api/v4/leads/26059497?page=2&limit=250&with=catalog_elements'}},"{'tags': [{'id': 53399, 'name': 'tilda', 'color': 'FF8F92'}], 'catalog_elements': [], 'companies': []}"
26062959,https://somecomp.ru/,0,9082218,540402,143,6298614,13728902,0,9082218,1728329940,1729080112,1728475523,,False,,,30769562,,{'self': {'href': 'https://somecomp.service.ru/api/v4/leads/26062959?page=2&limit=250&with=catalog_elements'}},"{'tags': [{'id': 53399, 'name': 'tilda', 'color': 'FF8F92'}], 'catalog_elements': [], 'companies': []}"
26006809,https://somecomp.ru/#form,0,9082218,540402,143,6298614,13728902,0,9082218,1727926349,1729080113,1727967313,,False,,,30769562,,{'self': {'href': 'https://somecomp.service.ru/api/v4/leads/26006809?page=2&limit=250&with=catalog_elements'}},"{'tags': [{'id': 53399, 'name': 'tilda', 'color': 'FF8F92'}], 'catalog_elements': [], 'companies': []}"
26008217,https://somecomp.ru/#form,0,9082218,540402,143,6298614,13728902,0,9082218,1727936654,1729080113,1727967313,,False,,,30769562,,{'self': {'href': 'https://somecomp.service.ru/api/v4/leads/26008217?page=2&limit=250&with=catalog_elements'}},"{'tags': [{'id': 53399, 'name': 'tilda', 'color': 'FF8F92'}], 'catalog_elements': [], 'companies': []}"
26009777,https://somecomp.ru/#form,0,9082218,540402,143,6298614,,0,9082218,1727941014,1729080113,1727967283,,False,,,30769562,,{'self': {'href': 'https://somecomp.service.ru/api/v4/leads/26009777?page=2&limit=250&with=catalog_elements'}},"{'tags': [{'id': 53399, 'name': 'tilda', 'color': 'FF8F92'}], 'catalog_elements': [], 'companies': []}"
26010783,https://somecomp.ru/#form,0,9082218,540402,143,6298614,,0,9082218,1727945743,1729080113,1727967277,,False,,,30769562,,{'self': {'href': 'https://somecomp.service.ru/api/v4/leads/26010783?page=2&limit=250&with=catalog_elements'}},"{'tags': [{'id': 53399, 'name': 'tilda', 'color': 'FF8F92'}], 'catalog_elements': [], 'companies': []}"
26063033,https://somecomp.ru/#form,0,9082218,540402,143,6298614,13728902,0,9082218,1728331631,1729080113,1728475517,,False,,,30769562,,{'self': {'href': 'https://somecomp.service.ru/api/v4/leads/26063033?page=2&limit=250&with=catalog_elements'}},"{'tags': [{'id': 53399, 'name': 'tilda', 'color': 'FF8F92'}], 'catalog_elements': [], 'companies': []}"
26063059,https://somecomp.ru/,0,9082218,540402,143,6298614,13728902,0,9082218,1728332319,1729080113,1728475517,,False,,,30769562,,{'self': {'href': 'https://somecomp.service.ru/api/v4/leads/26063059?page=2&limit=250&with=catalog_elements'}},"{'tags': [{'id': 53399, 'name': 'tilda', 'color': 'FF8F92'}], 'catalog_elements': [], 'companies': []}"
26063201,https://somecomp.ru/,0,9082218,540402,143,6298614,13728902,0,9082218,1728337178,1729080113,1728475517,,False,,,30769562,,{'self': {'href': 'https://somecomp.service.ru/api/v4/leads/26063201?page=2&limit=250&with=catalog_elements'}},"{'tags': [{'id': 53399, 'name': 'tilda', 'color': 'FF8F92'}], 'catalog_elements': [], 'companies': []}"
26067183,https://somecomp.ru/#form,0,9082218,540402,143,6298614,13728902,0,9082218,1728376852,1729080113,1728475519,,False,,,30769562,,{'self': {'href': 'https://somecomp.service.ru/api/v4/leads/26067183?page=2&limit=250&with=catalog_elements'}},"{'tags': [{'id': 53399, 'name': 'tilda', 'color': 'FF8F92'}], 'catalog_elements': [], 'companies': []}"
26067761,https://somecomp.ru/#form,0,9082218,540402,143,6298614,13728902,0,9082218,1728379377,1729080113,1728475519,,False,,,30769562,,{'self': {'href': 'https://somecomp.service.ru/api/v4/leads/26067761?page=2&limit=250&with=catalog_elements'}},"{'tags': [{'id': 53399, 'name': 'tilda', 'color': 'FF8F92'}], 'catalog_elements': [], 'companies': []}"
26068215,https://somecomp.ru/,0,9082218,540402,143,6298614,13728902,0,9082218,1728381580,1729080113,1728475519,,False,,,30769562,,{'self': {'href': 'https://somecomp.service.ru/api/v4/leads/26068215?page=2&limit=250&with=catalog_elements'}},"{'tags': [{'id': 53399, 'name': 'tilda', 'color': 'FF8F92'}], 'catalog_elements': [], 'companies': []}"
26068333,https://somecomp.ru/,0,9082218,540402,143,6298614,13728902,0,9082218,1728382103,1729080113,1728475519,,False,,,30769562,,{'self': {'href': 'https://somecomp.service.ru/api/v4/leads/26068333?page=2&limit=250&with=catalog_elements'}},"{'tags': [{'id': 53399, 'name': 'tilda', 'color': 'FF8F92'}], 'catalog_elements': [], 'companies': []}"
26069253,https://somecomp.ru/#form,0,9082218,540402,143,6298614,13728902,0,9082218,1728386364,1729080113,1728475520,,False,,,30769562,,{'self': {'href': 'https://somecomp.service.ru/api/v4/leads/26069253?page=2&limit=250&with=catalog_elements'}},"{'tags': [{'id': 53399, 'name': 'tilda', 'color': 'FF8F92'}], 'catalog_elements': [], 'companies': []}"
26069839,https://somecomp.ru/?ysclid=m20ed8ad89881748297#form,0,9082218,540402,143,6298614,13728902,0,9082218,1728389372,1729080113,1728475520,,False,,,30769562,,{'self': {'href': 'https://somecomp.service.ru/api/v4/leads/26069839?page=2&limit=250&with=catalog_elements'}},"{'tags': [{'id': 53399, 'name': 'tilda', 'color': 'FF8F92'}], 'catalog_elements': [], 'companies': []}"
26071453,https://somecomp.ru/#form,0,9082218,540402,143,6298614,13728902,0,9082218,1728398675,1729080113,1728475514,,False,,,30769562,,{'self': {'href': 'https://somecomp.service.ru/api/v4/leads/26071453?page=2&limit=250&with=catalog_elements'}},"{'tags': [{'id': 53399, 'name': 'tilda', 'color': 'FF8F92'}], 'catalog_elements': [], 'companies': []}"
26072223,https://somecomp.ru/#form,0,9082218,540402,143,6298614,13728902,0,9082218,1728403638,1729080113,1728475515,,False,,,30769562,,{'self': {'href': 'https://somecomp.service.ru/api/v4/leads/26072223?page=2&limit=250&with=catalog_elements'}},"{'tags': [{'id': 53399, 'name': 'tilda', 'color': 'FF8F92'}], 'catalog_elements': [], 'companies': []}"
26011851,https://somecomp.ru/#form,0,9082218,540402,143,6298614,,0,9082218,1727951092,1729080114,1727967270,,False,,,30769562,,{'self': {'href': 'https://somecomp.service.ru/api/v4/leads/26011851?page=2&limit=250&with=catalog_elements'}},"{'tags': [{'id': 53399, 'name': 'tilda', 'color': 'FF8F92'}], 'catalog_elements': [], 'companies': []}"
26011875,https://somecomp.ru/,0,9082218,540402,143,6298614,,0,9082218,1727951205,1729080114,1727967254,,False,,,30769562,,{'self': {'href': 'https://somecomp.service.ru/api/v4/leads/26011875?page=2&limit=250&with=catalog_elements'}},"{'tags': [{'id': 53399, 'name': 'tilda', 'color': 'FF8F92'}], 'catalog_elements': [], 'companies': []}"
26014143,https://somecomp.ru/#form,0,9082218,540402,143,6298614,,0,9082218,1727957091,1729080114,1727967246,,False,,,30769562,,{'self': {'href': 'https://somecomp.service.ru/api/v4/leads/26014143?page=2&limit=250&with=catalog_elements'}},"{'tags': [{'id': 53399, 'name': 'tilda', 'color': 'FF8F92'}], 'catalog_elements': [], 'companies': []}"
26014605,https://somecomp.ru/#form,0,9082218,540402,143,6298614,,0,9082218,1727959018,1729080114,1727967242,,False,,,30769562,,{'self': {'href': 'https://somecomp.service.ru/api/v4/leads/26014605?page=2&limit=250&with=catalog_elements'}},"{'tags': [{'id': 53399, 'name': 'tilda', 'color': 'FF8F92'}], 'catalog_elements': [], 'companies': []}"
26014733,https://somecomp.ru/,0,9082218,540402,143,6298614,,0,9082218,1727959557,1729080114,1727967236,,False,,,30769562,,{'self': {'href': 'https://somecomp.service.ru/api/v4/leads/26014733?page=2&limit=250&with=catalog_elements'}},"{'tags': [{'id': 53399, 'name': 'tilda', 'color': 'FF8F92'}], 'catalog_elements': [], 'companies': []}"
26015479,https://somecomp.ru/#form,0,9082218,540402,143,6298614,,0,9082218,1727963156,1729080114,1727967232,,False,,,30769562,,{'self': {'href': 'https://somecomp.service.ru/api/v4/leads/26015479?page=2&limit=250&with=catalog_elements'}},"{'tags': [{'id': 53399, 'name': 'tilda', 'color': 'FF8F92'}], 'catalog_elements': [], 'companies': []}"
26016251,https://somecomp.ru/#form,0,9082218,540402,143,6298614,,0,9082218,1727966047,1729080114,1727967227,,False,,,30769562,,{'self': {'href': 'https://somecomp.service.ru/api/v4/leads/26016251?page=2&limit=250&with=catalog_elements'}},"{'tags': [{'id': 53399, 'name': 'tilda', 'color': 'FF8F92'}], 'catalog_elements': [], 'companies': []}"
26017041,https://somecomp.ru/#form,0,9082218,540402,143,6298614,13728902,0,9082218,1727971339,1729080114,1728044812,,False,,,30769562,,{'self': {'href': 'https://somecomp.service.ru/api/v4/leads/26017041?page=2&limit=250&with=catalog_elements'}},"{'tags': [{'id': 53399, 'name': 'tilda', 'color': 'FF8F92'}], 'catalog_elements': [], 'companies': []}"
26017323,https://somecomp.ru/#form,0,9082218,540402,143,6298614,13728902,0,9082218,1727973881,1729080114,1728044812,,False,,,30769562,,{'self': {'href': 'https://somecomp.service.ru/api/v4/leads/26017323?page=2&limit=250&with=catalog_elements'}},"{'tags': [{'id': 53399, 'name': 'tilda', 'color': 'FF8F92'}], 'catalog_elements': [], 'companies': []}"
26017453,https://somecomp.ru/#form,0,9082218,540402,143,6298614,13728902,0,9082218,1727974375,1729080114,1728044812,,False,,,30769562,,{'self': {'href': 'https://somecomp.service.ru/api/v4/leads/26017453?page=2&limit=250&with=catalog_elements'}},"{'tags': [{'id': 53399, 'name': 'tilda', 'color': 'FF8F92'}], 'catalog_elements': [], 'companies': []}"
26018431,https://somecomp.ru/#form,0,9082218,540402,143,6298614,13728902,0,9082218,1727980276,1729080114,1728044812,,False,,,30769562,,{'self': {'href': 'https://somecomp.service.ru/api/v4/leads/26018431?page=2&limit=250&with=catalog_elements'}},"{'tags': [{'id': 53399, 'name': 'tilda', 'color': 'FF8F92'}], 'catalog_elements': [], 'companies': []}"
26019251,https://somecomp.ru/,0,9082218,540402,143,6298614,13728902,0,9082218,1727987210,1729080114,1728044813,,False,,,30769562,,{'self': {'href': 'https://somecomp.service.ru/api/v4/leads/26019251?page=2&limit=250&with=catalog_elements'}},"{'tags': [{'id': 53399, 'name': 'tilda', 'color': 'FF8F92'}], 'catalog_elements': [], 'companies': []}"
26019271,https://somecomp.ru/,0,9082218,540402,143,6298614,13728902,0,9082218,1727987556,1729080114,1728044808,,False,,,30769562,,{'self': {'href': 'https://somecomp.service.ru/api/v4/leads/26019271?page=2&limit=250&with=catalog_elements'}},"{'tags': [{'id': 53399, 'name': 'tilda', 'color': 'FF8F92'}], 'catalog_elements': [], 'companies': []}"
26019567,https://somecomp.ru/#form,0,9082218,540402,143,6298614,13728902,0,9082218,1728002700,1729080114,1728044808,,False,,,30769562,,{'self': {'href': 'https://somecomp.service.ru/api/v4/leads/26019567?page=2&limit=250&with=catalog_elements'}},"{'tags': [{'id': 53399, 'name': 'tilda', 'color': 'FF8F92'}], 'catalog_elements': [], 'companies': []}"
26019767,https://somecomp.ru/#form,0,9082218,540402,143,6298614,13728902,0,9082218,1728009860,1729080114,1728044808,,False,,,30769562,,{'self': {'href': 'https://somecomp.service.ru/api/v4/leads/26019767?page=2&limit=250&with=catalog_elements'}},"{'tags': [{'id': 53399, 'name': 'tilda', 'color': 'FF8F92'}], 'catalog_elements': [], 'companies': []}"
26020873,https://somecomp.ru/#form,0,9082218,540402,143,6298614,13728902,0,9082218,1728021305,1729080114,1728044809,,False,,,30769562,,{'self': {'href': 'https://somecomp.service.ru/api/v4/leads/26020873?page=2&limit=250&with=catalog_elements'}},"{'tags': [{'id': 53399, 'name': 'tilda', 'color': 'FF8F92'}], 'catalog_elements': [], 'companies': []}"
26025549,https://somecomp.ru/#form,0,9082218,540402,143,6298614,13728902,0,9082218,1728028671,1729080114,1728044809,,False,,,30769562,,{'self': {'href': 'https://somecomp.service.ru/api/v4/leads/26025549?page=2&limit=250&with=catalog_elements'}},"{'tags': [{'id': 53399, 'name': 'tilda', 'color': 'FF8F92'}], 'catalog_elements': [], 'companies': []}"
26026313,https://somecomp.ru/#form,0,9082218,540402,143,6298614,13728902,0,9082218,1728032718,1729080115,1728044809,,False,,,30769562,,{'self': {'href': 'https://somecomp.service.ru/api/v4/leads/26026313?page=2&limit=250&with=catalog_elements'}},"{'tags': [{'id': 53399, 'name': 'tilda', 'color': 'FF8F92'}], 'catalog_elements': [], 'companies': []}"
26027755,https://somecomp.ru/#form,0,9082218,540402,143,6298614,13728902,0,9082218,1728039607,1729080115,1728044809,,False,,,30769562,,{'self': {'href': 'https://somecomp.service.ru/api/v4/leads/26027755?page=2&limit=250&with=catalog_elements'}},"{'tags': [{'id': 53399, 'name': 'tilda', 'color': 'FF8F92'}], 'catalog_elements': [], 'companies': []}"
26027865,https://somecomp.ru/#form,0,9082218,540402,143,6298614,13728902,0,9082218,1728040070,1729080115,1728044810,,False,,,30769562,,{'self': {'href': 'https://somecomp.service.ru/api/v4/leads/26027865?page=2&limit=250&with=catalog_elements'}},"{'tags': [{'id': 53399, 'name': 'tilda', 'color': 'FF8F92'}], 'catalog_elements': [], 'companies': []}"
26028013,https://somecomp.ru/#form,0,9082218,540402,143,6298614,13728902,0,9082218,1728041019,1729080115,1728044810,,False,,,30769562,,{'self': {'href': 'https://somecomp.service.ru/api/v4/leads/26028013?page=2&limit=250&with=catalog_elements'}},"{'tags': [{'id': 53399, 'name': 'tilda', 'color': 'FF8F92'}], 'catalog_elements': [], 'companies': []}"
25958277,https://somecomp.ru/#form,0,9082218,540402,143,6298614,17475446,0,9082218,1727668561,1729080116,1727766857,,False,,,30769562,,{'self': {'href': 'https://somecomp.service.ru/api/v4/leads/25958277?page=2&limit=250&with=catalog_elements'}},"{'tags': [{'id': 53399, 'name': 'tilda', 'color': 'FF8F92'}], 'catalog_elements': [], 'companies': []}"
25958311,https://somecomp.ru/#form,0,9082218,540402,143,6298614,17475446,0,9082218,1727669020,1729080116,1727766857,,False,,,30769562,,{'self': {'href': 'https://somecomp.service.ru/api/v4/leads/25958311?page=2&limit=250&with=catalog_elements'}},"{'tags': [{'id': 53399, 'name': 'tilda', 'color': 'FF8F92'}], 'catalog_elements': [], 'companies': []}"
25960851,https://somecomp.ru/#form,0,9082218,540402,143,6298614,13728902,0,9082218,1727680024,1729080117,1727681030,,False,,,30769562,,{'self': {'href': 'https://somecomp.service.ru/api/v4/leads/25960851?page=2&limit=250&with=catalog_elements'}},"{'tags': [{'id': 53399, 'name': 'tilda', 'color': 'FF8F92'}], 'catalog_elements': [], 'companies': []}"
25962773,https://somecomp.ru/#form,0,9082218,540402,143,6298614,17475446,0,9082218,1727687318,1729080117,1727766858,,False,,,30769562,,{'self': {'href': 'https://somecomp.service.ru/api/v4/leads/25962773?page=2&limit=250&with=catalog_elements'}},"{'tags': [{'id': 53399, 'name': 'tilda', 'color': 'FF8F92'}], 'catalog_elements': [], 'companies': []}"
25963131,https://somecomp.ru/#form,0,9082218,540402,143,6298614,17475446,0,9082218,1727688814,1729080117,1727766858,,False,,,30769562,,{'self': {'href': 'https://somecomp.service.ru/api/v4/leads/25963131?page=2&limit=250&with=catalog_elements'}},"{'tags': [{'id': 53399, 'name': 'tilda', 'color': 'FF8F92'}], 'catalog_elements': [], 'companies': []}"
25966469,https://somecomp.ru/#form,0,9082218,540402,143,6298614,17475446,0,9082218,1727699247,1729080117,1727766852,,False,,,30769562,,{'self': {'href': 'https://somecomp.service.ru/api/v4/leads/25966469?page=2&limit=250&with=catalog_elements'}},"{'tags': [{'id': 53399, 'name': 'tilda', 'color': 'FF8F92'}], 'catalog_elements': [], 'companies': []}"
25967965,https://somecomp.ru/#form,0,9082218,540402,143,6298614,17475446,0,9082218,1727705959,1729080117,1727766853,,False,,,30769562,,{'self': {'href': 'https://somecomp.service.ru/api/v4/leads/25967965?page=2&limit=250&with=catalog_elements'}},"{'tags': [{'id': 53399, 'name': 'tilda', 'color': 'FF8F92'}], 'catalog_elements': [], 'companies': []}"
25968381,https://somecomp.ru/#form,0,9082218,540402,143,6298614,17475446,0,9082218,1727707837,1729080117,1727766853,,False,,,30769562,,{'self': {'href': 'https://somecomp.service.ru/api/v4/leads/25968381?page=2&limit=250&with=catalog_elements'}},"{'tags': [{'id': 53399, 'name': 'tilda', 'color': 'FF8F92'}], 'catalog_elements': [], 'companies': []}"
25968507,https://somecomp.ru/#form,0,9082218,540402,143,6298614,17475446,0,9082218,1727708496,1729080117,1727766853,,False,,,30769562,,{'self': {'href': 'https://somecomp.service.ru/api/v4/leads/25968507?page=2&limit=250&with=catalog_elements'}},"{'tags': [{'id': 53399, 'name': 'tilda', 'color': 'FF8F92'}], 'catalog_elements': [], 'companies': []}"
25968541,https://somecomp.ru/#form,0,9082218,540402,143,6298614,17475446,0,9082218,1727708686,1729080117,1727766853,,False,,,30769562,,{'self': {'href': 'https://somecomp.service.ru/api/v4/leads/25968541?page=2&limit=250&with=catalog_elements'}},"{'tags': [{'id': 53399, 'name': 'tilda', 'color': 'FF8F92'}], 'catalog_elements': [], 'companies': []}"
25968579,https://somecomp.ru/#form,0,9082218,540402,143,6298614,17475446,0,9082218,1727708806,1729080117,1727766853,,False,,,30769562,,{'self': {'href': 'https://somecomp.service.ru/api/v4/leads/25968579?page=2&limit=250&with=catalog_elements'}},"{'tags': [{'id': 53399, 'name': 'tilda', 'color': 'FF8F92'}], 'catalog_elements': [], 'companies': []}"
25970111,https://somecomp.ru/#form,0,9082218,540402,143,6298614,17475446,0,9082218,1727717774,1729080117,1727766853,,False,,,30769562,,{'self': {'href': 'https://somecomp.service.ru/api/v4/leads/25970111?page=2&limit=250&with=catalog_elements'}},"{'tags': [{'id': 53399, 'name': 'tilda', 'color': 'FF8F92'}], 'catalog_elements': [], 'companies': []}"
25970229,https://somecomp.ru/#form,0,9082218,540402,143,6298614,17475446,0,9082218,1727718756,1729080117,1727766853,,False,,,30769562,,{'self': {'href': 'https://somecomp.service.ru/api/v4/leads/25970229?page=2&limit=250&with=catalog_elements'}},"{'tags': [{'id': 53399, 'name': 'tilda', 'color': 'FF8F92'}], 'catalog_elements': [], 'companies': []}"
25970331,https://somecomp.ru/#form,0,9082218,540402,143,6298614,17475446,0,9082218,1727719836,1729080117,1727766853,,False,,,30769562,,{'self': {'href': 'https://somecomp.service.ru/api/v4/leads/25970331?page=2&limit=250&with=catalog_elements'}},"{'tags': [{'id': 53399, 'name': 'tilda', 'color': 'FF8F92'}], 'catalog_elements': [], 'companies': []}"
25970527,https://somecomp.ru/#form,0,9082218,540402,143,6298614,17475446,0,9082218,1727722588,1729080117,1727766854,,False,,,30769562,,{'self': {'href': 'https://somecomp.service.ru/api/v4/leads/25970527?page=2&limit=250&with=catalog_elements'}},"{'tags': [{'id': 53399, 'name': 'tilda', 'color': 'FF8F92'}], 'catalog_elements': [], 'companies': []}"
25971239,https://somecomp.ru/#form,0,9082218,540402,143,6298614,17475446,0,9082218,1727728145,1729080117,1727766854,,False,,,30769562,,{'self': {'href': 'https://somecomp.service.ru/api/v4/leads/25971239?page=2&limit=250&with=catalog_elements'}},"{'tags': [{'id': 53399, 'name': 'tilda', 'color': 'FF8F92'}], 'catalog_elements': [], 'companies': []}"
25971587,https://somecomp.ru/#form,0,9082218,540402,143,6298614,17475446,0,9082218,1727738927,1729080117,1727766854,,False,,,30769562,,{'self': {'href': 'https://somecomp.service.ru/api/v4/leads/25971587?page=2&limit=250&with=catalog_elements'}},"{'tags': [{'id': 53399, 'name': 'tilda', 'color': 'FF8F92'}], 'catalog_elements': [], 'companies': []}"
25972829,https://somecomp.ru/#form,0,9082218,540402,143,6298614,17475446,0,9082218,1727758813,1729080117,1727766854,,False,,,30769562,,{'self': {'href': 'https://somecomp.service.ru/api/v4/leads/25972829?page=2&limit=250&with=catalog_elements'}},"{'tags': [{'id': 53399, 'name': 'tilda', 'color': 'FF8F92'}], 'catalog_elements': [], 'companies': []}"
25973491,https://somecomp.ru/#form,0,9082218,540402,143,6298614,17475446,0,9082218,1727760684,1729080117,1727766854,,False,,,30769562,,{'self': {'href': 'https://somecomp.service.ru/api/v4/leads/25973491?page=2&limit=250&with=catalog_elements'}},"{'tags': [{'id': 53399, 'name': 'tilda', 'color': 'FF8F92'}], 'catalog_elements': [], 'companies': []}"
25974345,https://somecomp.ru/,0,9082218,540402,143,6298614,17475446,0,9082218,1727764978,1729080117,1727766855,,False,,,30769562,,{'self': {'href': 'https://somecomp.service.ru/api/v4/leads/25974345?page=2&limit=250&with=catalog_elements'}},"{'tags': [{'id': 53399, 'name': 'tilda', 'color': 'FF8F92'}], 'catalog_elements': [], 'companies': []}"
25976303,https://somecomp.ru/#form,0,9082218,540402,143,6298614,,0,9082218,1727768930,1729080118,1727770367,,False,,,30769562,,{'self': {'href': 'https://somecomp.service.ru/api/v4/leads/25976303?page=2&limit=250&with=catalog_elements'}},"{'tags': [{'id': 53399, 'name': 'tilda', 'color': 'FF8F92'}], 'catalog_elements': [], 'companies': []}"
25979121,https://somecomp.ru/#form,0,9082218,540402,143,6298614,13728902,0,9082218,1727777749,1729080118,1727780010,,False,,,30769562,,{'self': {'href': 'https://somecomp.service.ru/api/v4/leads/25979121?page=2&limit=250&with=catalog_elements'}},"{'tags': [{'id': 53399, 'name': 'tilda', 'color': 'FF8F92'}], 'catalog_elements': [], 'companies': []}"
25981637,https://somecomp.ru/#form,0,9082218,540402,143,6298614,13728902,0,9082218,1727790045,1729080118,1727875357,,False,,,30769562,,{'self': {'href': 'https://somecomp.service.ru/api/v4/leads/25981637?page=2&limit=250&with=catalog_elements'}},"{'tags': [{'id': 53399, 'name': 'tilda', 'color': 'FF8F92'}], 'catalog_elements': [], 'companies': []}"
25982191,https://somecomp.ru/#form,0,9082218,540402,143,6298614,13728902,0,9082218,1727792708,1729080118,1727875358,,False,,,30769562,,{'self': {'href': 'https://somecomp.service.ru/api/v4/leads/25982191?page=2&limit=250&with=catalog_elements'}},"{'tags': [{'id': 53399, 'name': 'tilda', 'color': 'FF8F92'}], 'catalog_elements': [], 'companies': []}"
25982617,https://somecomp.ru/#form,0,9082218,540402,143,6298614,13728902,0,9082218,1727794766,1729080118,1727875358,,False,,,30769562,,{'self': {'href': 'https://somecomp.service.ru/api/v4/leads/25982617?page=2&limit=250&with=catalog_elements'}},"{'tags': [{'id': 53399, 'name': 'tilda', 'color': 'FF8F92'}], 'catalog_elements': [], 'companies': []}"
25982683,https://somecomp.ru/#form,0,9082218,540402,143,6298614,13728902,0,9082218,1727795108,1729080118,1727875358,,False,,,30769562,,{'self': {'href': 'https://somecomp.service.ru/api/v4/leads/25982683?page=2&limit=250&with=catalog_elements'}},"{'tags': [{'id': 53399, 'name': 'tilda', 'color': 'FF8F92'}], 'catalog_elements': [], 'companies': []}"
25982989,https://somecomp.ru/#form,0,9082218,540402,143,6298614,13728902,0,9082218,1727796675,1729080118,1727875358,,False,,,30769562,,{'self': {'href': 'https://somecomp.service.ru/api/v4/leads/25982989?page=2&limit=250&with=catalog_elements'}},"{'tags': [{'id': 53399, 'name': 'tilda', 'color': 'FF8F92'}], 'catalog_elements': [], 'companies': []}"
25983621,https://somecomp.ru/#form,0,9082218,540402,143,6298614,13728902,0,9082218,1727802321,1729080118,1727875358,,False,,,30769562,,{'self': {'href': 'https://somecomp.service.ru/api/v4/leads/25983621?page=2&limit=250&with=catalog_elements'}},"{'tags': [{'id': 53399, 'name': 'tilda', 'color': 'FF8F92'}], 'catalog_elements': [], 'companies': []}"
25983779,https://somecomp.ru/#form,0,9082218,540402,143,6298614,13728902,0,9082218,1727803538,1729080118,1727875359,,False,,,30769562,,{'self': {'href': 'https://somecomp.service.ru/api/v4/leads/25983779?page=2&limit=250&with=catalog_elements'}},"{'tags': [{'id': 53399, 'name': 'tilda', 'color': 'FF8F92'}], 'catalog_elements': [], 'companies': []}"
25984097,https://somecomp.ru/#form,0,9082218,540402,143,6298614,13728902,0,9082218,1727806885,1729080118,1727875359,,False,,,30769562,,{'self': {'href': 'https://somecomp.service.ru/api/v4/leads/25984097?page=2&limit=250&with=catalog_elements'}},"{'tags': [{'id': 53399, 'name': 'tilda', 'color': 'FF8F92'}], 'catalog_elements': [], 'companies': []}"
25984351,https://somecomp.ru/#form,0,9082218,540402,143,6298614,13728902,0,9082218,1727810645,1729080118,1727875355,,False,,,30769562,,{'self': {'href': 'https://somecomp.service.ru/api/v4/leads/25984351?page=2&limit=250&with=catalog_elements'}},"{'tags': [{'id': 53399, 'name': 'tilda', 'color': 'FF8F92'}], 'catalog_elements': [], 'companies': []}"
25984435,https://somecomp.ru/#form,0,9082218,540402,143,6298614,13728902,0,9082218,1727812206,1729080118,1727875355,,False,,,30769562,,{'self': {'href': 'https://somecomp.service.ru/api/v4/leads/25984435?page=2&limit=250&with=catalog_elements'}},"{'tags': [{'id': 53399, 'name': 'tilda', 'color': 'FF8F92'}], 'catalog_elements': [], 'companies': []}"
25984525,https://somecomp.ru/#form,0,9082218,540402,143,6298614,13728902,0,9082218,1727813719,1729080118,1727875355,,False,,,30769562,,{'self': {'href': 'https://somecomp.service.ru/api/v4/leads/25984525?page=2&limit=250&with=catalog_elements'}},"{'tags': [{'id': 53399, 'name': 'tilda', 'color': 'FF8F92'}], 'catalog_elements': [], 'companies': []}"
25984583,https://somecomp.ru/#form,0,9082218,540402,143,6298614,13728902,0,9082218,1727815009,1729080118,1727875355,,False,,,30769562,,{'self': {'href': 'https://somecomp.service.ru/api/v4/leads/25984583?page=2&limit=250&with=catalog_elements'}},"{'tags': [{'id': 53399, 'name': 'tilda', 'color': 'FF8F92'}], 'catalog_elements': [], 'companies': []}"
25985745,https://somecomp.ru/#form,0,9082218,540402,143,6298614,13728902,0,9082218,1727826782,1729080118,1727875355,,False,,,30769562,,{'self': {'href': 'https://somecomp.service.ru/api/v4/leads/25985745?page=2&limit=250&with=catalog_elements'}},"{'tags': [{'id': 53399, 'name': 'tilda', 'color': 'FF8F92'}], 'catalog_elements': [], 'companies': []}"
25994229,https://somecomp.ru/#form,0,9082218,540402,143,6298614,13728902,0,9082218,1727849074,1729080118,1727851894,,False,,,30769562,,{'self': {'href': 'https://somecomp.service.ru/api/v4/leads/25994229?page=2&limit=250&with=catalog_elements'}},"{'tags': [{'id': 53399, 'name': 'tilda', 'color': 'FF8F92'}], 'catalog_elements': [], 'companies': []}"
25995477,https://somecomp.ru/,0,9082218,540402,143,6298614,13728902,0,9082218,1727852828,1729080118,1727875356,,False,,,30769562,,{'self': {'href': 'https://somecomp.service.ru/api/v4/leads/25995477?page=2&limit=250&with=catalog_elements'}},"{'tags': [{'id': 53399, 'name': 'tilda', 'color': 'FF8F92'}], 'catalog_elements': [], 'companies': []}"
25998747,https://somecomp.ru/#form,0,9082218,540402,143,6298614,13728902,0,9082218,1727865584,1729080118,1727875357,,False,,,30769562,,{'self': {'href': 'https://somecomp.service.ru/api/v4/leads/25998747?page=2&limit=250&with=catalog_elements'}},"{'tags': [{'id': 53399, 'name': 'tilda', 'color': 'FF8F92'}], 'catalog_elements': [], 'companies': []}"
25999261,https://somecomp.ru/#form,0,9082218,540402,143,6298614,13728902,0,9082218,1727868194,1729080118,1727875357,,False,,,30769562,,{'self': {'href': 'https://somecomp.service.ru/api/v4/leads/25999261?page=2&limit=250&with=catalog_elements'}},"{'tags': [{'id': 53399, 'name': 'tilda', 'color': 'FF8F92'}], 'catalog_elements': [], 'companies': []}"
26001117,https://somecomp.ru/#form,0,9082218,540402,143,6298614,13728902,0,9082218,1727869674,1729080118,1727875357,,False,,,30769562,,{'self': {'href': 'https://somecomp.service.ru/api/v4/leads/26001117?page=2&limit=250&with=catalog_elements'}},"{'tags': [{'id': 53399, 'name': 'tilda', 'color': 'FF8F92'}], 'catalog_elements': [], 'companies': []}"
26003053,https://somecomp.ru/#form,0,9082218,540402,143,6298614,13728902,0,9082218,1727877645,1729080118,1727967313,,False,,,30769562,,{'self': {'href': 'https://somecomp.service.ru/api/v4/leads/26003053?page=2&limit=250&with=catalog_elements'}},"{'tags': [{'id': 53399, 'name': 'tilda', 'color': 'FF8F92'}], 'catalog_elements': [], 'companies': []}"
25932797,https://somecomp.ru/#form,0,9082218,540402,143,6298614,17475446,0,9082218,1727456162,1729080119,1727766864,,False,,,30769562,,{'self': {'href': 'https://somecomp.service.ru/api/v4/leads/25932797?page=2&limit=250&with=catalog_elements'}},"{'tags': [{'id': 53399, 'name': 'tilda', 'color': 'FF8F92'}], 'catalog_elements': [], 'companies': []}"
25932989,https://somecomp.ru/#form,0,9082218,540402,143,6298614,17475446,0,9082218,1727457146,1729080119,1727766864,,False,,,30769562,,{'self': {'href': 'https://somecomp.service.ru/api/v4/leads/25932989?page=2&limit=250&with=catalog_elements'}},"{'tags': [{'id': 53399, 'name': 'tilda', 'color': 'FF8F92'}], 'catalog_elements': [], 'companies': []}"
25933185,https://somecomp.ru/#form,0,9082218,540402,143,6298614,17475446,0,9082218,1727458174,1729080119,1727766864,,False,,,30769562,,{'self': {'href': 'https://somecomp.service.ru/api/v4/leads/25933185?page=2&limit=250&with=catalog_elements'}},"{'tags': [{'id': 53399, 'name': 'tilda', 'color': 'FF8F92'}], 'catalog_elements': [], 'companies': []}"
25933549,https://somecomp.ru/#form,0,9082218,540402,143,6298614,17475446,0,9082218,1727459230,1729080119,1727766864,,False,,,30769562,,{'self': {'href': 'https://somecomp.service.ru/api/v4/leads/25933549?page=2&limit=250&with=catalog_elements'}},"{'tags': [{'id': 53399, 'name': 'tilda', 'color': 'FF8F92'}], 'catalog_elements': [], 'companies': []}"
25937207,https://somecomp.ru/#form,0,9082218,540402,143,6298614,17475446,0,9082218,1727498755,1729080119,1727766865,,False,,,30769562,,{'self': {'href': 'https://somecomp.service.ru/api/v4/leads/25937207?page=2&limit=250&with=catalog_elements'}},"{'tags': [{'id': 53399, 'name': 'tilda', 'color': 'FF8F92'}], 'catalog_elements': [], 'companies': []}"
25937611,https://somecomp.ru/#form,0,9082218,540402,143,6298614,17475446,0,9082218,1727501146,1729080119,1727766865,,False,,,30769562,,{'self': {'href': 'https://somecomp.service.ru/api/v4/leads/25937611?page=2&limit=250&with=catalog_elements'}},"{'tags': [{'id': 53399, 'name': 'tilda', 'color': 'FF8F92'}], 'catalog_elements': [], 'companies': []}"
25937763,https://somecomp.ru/#form,0,9082218,540402,143,6298614,17475446,0,9082218,1727502370,1729080119,1727766865,,False,,,30769562,,{'self': {'href': 'https://somecomp.service.ru/api/v4/leads/25937763?page=2&limit=250&with=catalog_elements'}},"{'tags': [{'id': 53399, 'name': 'tilda', 'color': 'FF8F92'}], 'catalog_elements': [], 'companies': []}"
26003971,https://somecomp.ru/#form,0,9082218,540402,143,6298614,13728902,0,9082218,1727883708,1729080119,1727967313,,False,,,30769562,,{'self': {'href': 'https://somecomp.service.ru/api/v4/leads/26003971?page=2&limit=250&with=catalog_elements'}},"{'tags': [{'id': 53399, 'name': 'tilda', 'color': 'FF8F92'}], 'catalog_elements': [], 'companies': []}"
26004005,https://somecomp.ru/#form,0,9082218,540402,143,6298614,13728902,0,9082218,1727883895,1729080119,1727967313,,False,,,30769562,,{'self': {'href': 'https://somecomp.service.ru/api/v4/leads/26004005?page=2&limit=250&with=catalog_elements'}},"{'tags': [{'id': 53399, 'name': 'tilda', 'color': 'FF8F92'}], 'catalog_elements': [], 'companies': []}"
26005567,https://somecomp.ru/#form,0,9082218,540402,143,6298614,13728902,0,9082218,1727892906,1729080119,1727967313,,False,,,30769562,,{'self': {'href': 'https://somecomp.service.ru/api/v4/leads/26005567?page=2&limit=250&with=catalog_elements'}},"{'tags': [{'id': 53399, 'name': 'tilda', 'color': 'FF8F92'}], 'catalog_elements': [], 'companies': []}"
26005703,https://somecomp.ru/#form,0,9082218,540402,143,6298614,13728902,0,9082218,1727894416,1729080119,1727967313,,False,,,30769562,,{'self': {'href': 'https://somecomp.service.ru/api/v4/leads/26005703?page=2&limit=250&with=catalog_elements'}},"{'tags': [{'id': 53399, 'name': 'tilda', 'color': 'FF8F92'}], 'catalog_elements': [], 'companies': []}"
26005811,https://somecomp.ru/#form,0,9082218,540402,143,6298614,13728902,0,9082218,1727895763,1729080119,1727967313,,False,,,30769562,,{'self': {'href': 'https://somecomp.service.ru/api/v4/leads/26005811?page=2&limit=250&with=catalog_elements'}},"{'tags': [{'id': 53399, 'name': 'tilda', 'color': 'FF8F92'}], 'catalog_elements': [], 'companies': []}"
26005921,https://somecomp.ru/#form,0,9082218,540402,143,6298614,13728902,0,9082218,1727897452,1729080119,1727967313,,False,,,30769562,,{'self': {'href': 'https://somecomp.service.ru/api/v4/leads/26005921?page=2&limit=250&with=catalog_elements'}},"{'tags': [{'id': 53399, 'name': 'tilda', 'color': 'FF8F92'}], 'catalog_elements': [], 'companies': []}"
26006399,https://somecomp.ru/#form,0,9082218,540402,143,6298614,13728902,0,9082218,1727911121,1729080119,1727967313,,False,,,30769562,,{'self': {'href': 'https://somecomp.service.ru/api/v4/leads/26006399?page=2&limit=250&with=catalog_elements'}},"{'tags': [{'id': 53399, 'name': 'tilda', 'color': 'FF8F92'}], 'catalog_elements': [], 'companies': []}"
25940077,https://somecomp.ru/?ysclid=m1ksp6ld0999008942#form,0,9082218,540402,143,6298614,17475446,0,9082218,1727511174,1729080120,1727766861,,False,,,30769562,,{'self': {'href': 'https://somecomp.service.ru/api/v4/leads/25940077?page=2&limit=250&with=catalog_elements'}},"{'tags': [{'id': 53399, 'name': 'tilda', 'color': 'FF8F92'}], 'catalog_elements': [], 'companies': []}"
25940827,https://somecomp.ru/#form,0,9082218,540402,143,6298614,17475446,0,9082218,1727514688,1729080120,1727766861,,False,,,30769562,,{'self': {'href': 'https://somecomp.service.ru/api/v4/leads/25940827?page=2&limit=250&with=catalog_elements'}},"{'tags': [{'id': 53399, 'name': 'tilda', 'color': 'FF8F92'}], 'catalog_elements': [], 'companies': []}"
25940891,https://somecomp.ru/#form,0,9082218,540402,143,6298614,17475446,0,9082218,1727514946,1729080120,1727766862,,False,,,30769562,,{'self': {'href': 'https://somecomp.service.ru/api/v4/leads/25940891?page=2&limit=250&with=catalog_elements'}},"{'tags': [{'id': 53399, 'name': 'tilda', 'color': 'FF8F92'}], 'catalog_elements': [], 'companies': []}"
25941263,https://somecomp.ru/#form,0,9082218,540402,143,6298614,17475446,0,9082218,1727516851,1729080120,1727766862,,False,,,30769562,,{'self': {'href': 'https://somecomp.service.ru/api/v4/leads/25941263?page=2&limit=250&with=catalog_elements'}},"{'tags': [{'id': 53399, 'name': 'tilda', 'color': 'FF8F92'}], 'catalog_elements': [], 'companies': []}"
25941645,https://somecomp.ru/#form,0,9082218,540402,143,6298614,17475446,0,9082218,1727518688,1729080120,1727766862,,False,,,30769562,,{'self': {'href': 'https://somecomp.service.ru/api/v4/leads/25941645?page=2&limit=250&with=catalog_elements'}},"{'tags': [{'id': 53399, 'name': 'tilda', 'color': 'FF8F92'}], 'catalog_elements': [], 'companies': []}"
25942077,https://somecomp.ru/#form,0,9082218,540402,143,6298614,17475446,0,9082218,1727520674,1729080120,1727766862,,False,,,30769562,,{'self': {'href': 'https://somecomp.service.ru/api/v4/leads/25942077?page=2&limit=250&with=catalog_elements'}},"{'tags': [{'id': 53399, 'name': 'tilda', 'color': 'FF8F92'}], 'catalog_elements': [], 'companies': []}"
25942079,https://somecomp.ru/#form,0,9082218,540402,143,6298614,17475446,0,9082218,1727520675,1729080120,1727766862,,False,,,30769562,,{'self': {'href': 'https://somecomp.service.ru/api/v4/leads/25942079?page=2&limit=250&with=catalog_elements'}},"{'tags': [{'id': 53399, 'name': 'tilda', 'color': 'FF8F92'}], 'catalog_elements': [], 'companies': []}"
25942831,https://somecomp.ru/#form,0,9082218,540402,143,6298614,17475446,0,9082218,1727524234,1729080120,1727766862,,False,,,30769562,,{'self': {'href': 'https://somecomp.service.ru/api/v4/leads/25942831?page=2&limit=250&with=catalog_elements'}},"{'tags': [{'id': 53399, 'name': 'tilda', 'color': 'FF8F92'}], 'catalog_elements': [], 'companies': []}"
25942863,https://somecomp.ru/#form,0,9082218,540402,143,6298614,17475446,0,9082218,1727524455,1729080120,1727766862,,False,,,30769562,,{'self': {'href': 'https://somecomp.service.ru/api/v4/leads/25942863?page=2&limit=250&with=catalog_elements'}},"{'tags': [{'id': 53399, 'name': 'tilda', 'color': 'FF8F92'}], 'catalog_elements': [], 'companies': []}"
25942905,https://somecomp.ru/#form,0,9082218,540402,143,6298614,17475446,0,9082218,1727524677,1729080120,1727766862,,False,,,30769562,,{'self': {'href': 'https://somecomp.service.ru/api/v4/leads/25942905?page=2&limit=250&with=catalog_elements'}},"{'tags': [{'id': 53399, 'name': 'tilda', 'color': 'FF8F92'}], 'catalog_elements': [], 'companies': []}"
25942919,https://somecomp.ru/#form,0,9082218,540402,143,6298614,,0,9082218,1727524793,1729080120,1727530327,,False,,,30769562,,{'self': {'href': 'https://somecomp.service.ru/api/v4/leads/25942919?page=2&limit=250&with=catalog_elements'}},"{'tags': [{'id': 53399, 'name': 'tilda', 'color': 'FF8F92'}], 'catalog_elements': [], 'companies': []}"
25943861,https://somecomp.ru/#form,0,9082218,540402,143,6298614,,0,9082218,1727530096,1729080120,1727530319,,False,,,30769562,,{'self': {'href': 'https://somecomp.service.ru/api/v4/leads/25943861?page=2&limit=250&with=catalog_elements'}},"{'tags': [{'id': 53399, 'name': 'tilda', 'color': 'FF8F92'}], 'catalog_elements': [], 'companies': []}"
25943899,https://somecomp.ru/#form,0,9082218,540402,143,6298614,,0,9082218,1727530281,1729080120,1727530314,,False,,,30769562,,{'self': {'href': 'https://somecomp.service.ru/api/v4/leads/25943899?page=2&limit=250&with=catalog_elements'}},"{'tags': [{'id': 53399, 'name': 'tilda', 'color': 'FF8F92'}], 'catalog_elements': [], 'companies': []}"
25944083,https://somecomp.ru/,0,9082218,540402,143,6298614,17475446,0,9082218,1727531402,1729080120,1727766862,,False,,,30769562,,{'self': {'href': 'https://somecomp.service.ru/api/v4/leads/25944083?page=2&limit=250&with=catalog_elements'}},"{'tags': [{'id': 53399, 'name': 'tilda', 'color': 'FF8F92'}], 'catalog_elements': [], 'companies': []}"
25944767,https://somecomp.ru/#form,0,9082218,540402,143,6298614,17475446,0,9082218,1727535346,1729080120,1727766863,,False,,,30769562,,{'self': {'href': 'https://somecomp.service.ru/api/v4/leads/25944767?page=2&limit=250&with=catalog_elements'}},"{'tags': [{'id': 53399, 'name': 'tilda', 'color': 'FF8F92'}], 'catalog_elements': [], 'companies': []}"
25944955,https://somecomp.ru/#form,0,9082218,540402,143,6298614,17475446,0,9082218,1727536626,1729080120,1727766863,,False,,,30769562,,{'self': {'href': 'https://somecomp.service.ru/api/v4/leads/25944955?page=2&limit=250&with=catalog_elements'}},"{'tags': [{'id': 53399, 'name': 'tilda', 'color': 'FF8F92'}], 'catalog_elements': [], 'companies': []}"
25945201,https://somecomp.ru/#form,0,9082218,540402,143,6298614,17475446,0,9082218,1727537869,1729080120,1727766863,,False,,,30769562,,{'self': {'href': 'https://somecomp.service.ru/api/v4/leads/25945201?page=2&limit=250&with=catalog_elements'}},"{'tags': [{'id': 53399, 'name': 'tilda', 'color': 'FF8F92'}], 'catalog_elements': [], 'companies': []}"
25946297,https://somecomp.ru/,0,9082218,540402,143,6298614,17475446,0,9082218,1727545548,1729080120,1727766863,,False,,,30769562,,{'self': {'href': 'https://somecomp.service.ru/api/v4/leads/25946297?page=2&limit=250&with=catalog_elements'}},"{'tags': [{'id': 53399, 'name': 'tilda', 'color': 'FF8F92'}], 'catalog_elements': [], 'companies': []}"
